config,size,vus,reps,p50,p90,p99,d_p50,d_p90,rps,spread_p50,wire_tx_ss1,log_ss1,ocsp,tsa,errors,tsa_flags,invalid
direct,1024,1,3,0.1752795,0.2703113,0.44139076999999977,,,5251.214780581646,7.79840198083633,0,0,0,0,0,0,0
full,1024,1,3,28.877026,34.0317688,41.71990646,,,33.409809461873685,11.68120809947672,16776.238333333335,20029.44,0,0,0,0,0
nobody,1024,1,3,26.7823595,31.3482664,39.74109446999999,-2.0946665000000024,-2.683502400000002,36.102245314954,12.72053532101979,16815.959166666667,23128.746666666666,0,1,0,0,0
notsa,1024,1,3,28.495613,33.4850662,43.08159193,-0.381413000000002,-0.5467026000000033,33.946243161532976,16.317531052937888,16815.939166666667,20022.613333333335,0,0,0,0,0
synctsa,1024,1,3,104.95962449999999,117.4516802,131.86812626999998,76.08259849999999,83.41991139999999,9.408838261147881,3.621944169588759,17722.755,40823.46666666667,0,4803,0,0,0
direct,1024,2,3,0.17139349999999998,0.26162340000000006,0.4806937499999999,,,10768.171355116807,6.460279998949778,0,0,0,0,0,0,0
direct,1024,4,3,0.2403905,0.4141064,0.7325436099999999,,,14797.667387458587,9.07523383827564,0,0,0,0,0,0,0
direct,1024,8,3,0.320678,0.6553022000000001,1.2847967699999996,,,20919.535712347362,17.201211183804332,0,0,0,0,0,0,0
direct,1024,16,3,0.40552699999999997,0.9601744000000001,1.66939216,,,33196.212642439794,13.078290718003974,0,0,0,0,0,0,0
direct,1024,32,3,0.7324435,1.5305591000000003,3.08019824,,,38499.93261188355,26.895521634091924,0,0,0,0,0,0,0
direct,10240,1,3,0.186491,0.27130980000000005,0.46461268,,,5093.28665193505,17.069724544347977,0,0,0,0,0,0,0
full,10240,1,3,28.939527,33.795259,40.85711781,,,33.52151826620317,7.341334569842826,26209.765833333335,36857.17333333333,0,0,0,0,0
nobody,10240,1,3,27.291722,32.30285580000001,39.156143809999996,-1.6478049999999982,-1.4924031999999912,35.16939726917385,5.8715258055171455,26211.335833333334,20896.426666666666,0,2,0,0,0
notsa,10240,1,3,28.504147500000002,33.5075542,42.59722308999999,-0.43537949999999626,-0.2877048000000002,33.88161236661935,2.2145899995781364,26238.3225,33771.52,0,0,0,0,0
synctsa,10240,1,3,103.6810635,114.756997,130.70063699,74.7415365,80.961738,9.495522053605649,1.5535580419658728,27136.795,56470.18666666667,0,4801,0,0,0
direct,10240,2,3,0.1856465,0.2985608,0.5344965999999999,,,9783.466259006587,17.12286523042448,0,0,0,0,0,0,0
full,10240,2,3,40.3287695,46.9662627,56.604747629999984,,,48.36610008867372,16.599264205172425,26303.505666666668,33730.56,0,0,0,0,0
nobody,10240,2,3,40.482425500000005,49.0363386,64.28784169000001,0.15365600000000512,2.070075899999999,47.53347419306896,17.08216692697923,26269.171,19701.76,0,0,0,0,0
notsa,10240,2,3,47.539784499999996,56.2195292,72.61890737,7.211014999999996,9.253266499999995,41.02322985438113,15.24962739366225,26294.072666666667,33603.584,0,0,0,0,0
synctsa,10240,2,3,140.89425849999998,167.9585993,196.66678374,100.56548899999999,120.9923366,13.525067620458785,4.763047530428642,27331.658333333333,60770.986666666664,0,4801,0,0,0
direct,10240,4,3,0.254542,0.4454755,0.7938464499999998,,,13905.608693425016,5.4768957578709925,0,0,0,0,0,0,0
full,10240,4,3,61.985443,89.59472509999999,103.61905017999999,,,60.01214636960723,1.8645837539630001,26453.84833333333,33614.50666666667,0,0,0,0,0
nobody,10240,4,3,55.9734155,77.80514160000001,98.87072707,-6.012027499999995,-11.789583499999978,66.59189909588119,1.7716901695948848,26441.4075,19428.693333333333,0,0,0,0,0
notsa,10240,4,3,61.7064155,83.10533980000001,105.18518259999999,-0.279027499999998,-6.489385299999981,61.16169153422518,6.127206497677697,26430.4025,33634.986666666664,0,0,0,0,0
synctsa,10240,4,3,213.846306,243.3140267,311.18428279,151.860863,153.7193016,18.240154019664995,4.537681141894499,27267.164166666666,65187.84,0,4801,0,0,0
direct,10240,8,3,0.34449300000000005,0.7287014,1.20925806,,,19570.941264077595,8.06997529703071,0,0,0,0,0,0,0
full,10240,8,3,103.71977849999999,144.9695143,183.26106005,,,72.22070107445816,2.930632945769346,26875.584166666667,34208.426666666666,0,0,0,0,0
nobody,10240,8,3,99.9250245,130.9808584,188.32630263000001,-3.7947539999999833,-13.988655899999998,76.83993602806615,6.890022829066189,26945.706666666665,20172.8,0,0,0,0,0
notsa,10240,8,3,105.064808,147.5491925,190.46631087,1.3450295000000096,2.579678200000018,71.58282937465572,11.901924381758732,26913.118333333332,34242.56,0,0,0,0,0
synctsa,10240,8,3,356.82253449999996,413.2585724,494.08935249,253.10275599999997,268.28905810000003,21.953995393377575,13.083708702820163,27339.829166666666,58538.666666666664,0,4802,0,0,0
direct,10240,16,3,0.529725,1.1599181,1.8830382499999996,,,25964.435234311113,31.170513002029352,0,0,0,0,0,0,0
full,10240,16,3,195.13308899999998,235.54905560000006,283.43707177,,,83.04609965219186,3.0819109310569,27283.94,34570.24,0,0,0,0,0
nobody,10240,16,3,197.2061425,259.55408030000007,300.7577393899999,2.0730535000000145,24.005024700000007,81.83661046806768,20.15455426293326,27339.4575,20630.18666666667,0,0,0,0,0
notsa,10240,16,3,209.126105,292.3420664,357.18625539,13.993016000000011,56.79301079999996,71.8379079939576,18.11037340364562,27293.591666666667,34643.968,0,0,0,0,0
synctsa,10240,16,3,696.8455055,869.9667776,1022.43687913,501.71241649999996,634.4177219999999,22.23432944006638,4.752792367690755,27610.28,58518.18666666667,0,4802,0,0,0
direct,10240,32,3,0.8286169999999999,1.9917570000000002,4.284069399999997,,,30028.157581656487,22.914386260479812,0,0,0,0,0,0,0
full,10240,32,3,407.26011,510.441631,618.73890357,,,76.11643338802148,11.048501902138174,27561.711666666666,34877.44,0,0,0,0,0
nobody,10240,32,3,346.019945,447.4749664,527.09985748,-61.24016499999999,-62.966664599999945,90.76627808472514,15.565907190696773,27583.851666666666,20889.6,0,0,0,0,0
notsa,10240,32,3,386.7237645,509.970429,627.14333094,-20.53634549999998,-0.4712019999999484,81.91110356463757,25.360023485187188,27476.744166666667,34720.426666666666,0,0,0,0,0
synctsa,10240,32,3,1300.734623,1626.6556791,2181.20102092,893.4745130000001,1116.2140481000001,24.100545619122915,8.037724386767566,27755.6475,57296.21333333333,4,4802,0,0,0
direct,102400,1,3,0.2537355,0.406192,0.7913987599999994,,,3531.2325138883466,38.9732615262744,0,0,0,0,0,0,0
full,102400,1,3,32.111588499999996,37.4617967,44.71518796,,,30.277881841192364,9.784319763564492,119815.98416666666,158535.68,0,2,0,0,0
nobody,102400,1,3,28.7117905,34.1068984,41.732164749999995,-3.399797999999997,-3.354898300000002,33.69623496377524,16.145934890406785,119812.33,19783.68,0,0,0,0,0
notsa,102400,1,3,32.9834565,39.1769776,49.5396613,0.8718680000000063,1.7151809,28.78333131346398,2.3235269475168536,119833.6575,157750.61333333334,0,0,0,0,0
synctsa,102400,1,3,109.75472450000001,123.9338735,143.78944323,77.64313600000001,86.4720768,8.912254748999011,2.668392648555185,120718.12,180012.37333333332,0,4801,0,0,0
direct,102400,2,3,0.3170335,0.5969568000000001,0.9594747499999998,,,5480.101814702016,4.937333120947795,0,0,0,0,0,0,0
direct,102400,4,3,0.358022,0.6951150000000001,1.081535,,,9723.56890275287,15.158146706068335,0,0,0,0,0,0,0
direct,102400,8,3,0.4961505,1.1083305,1.85831916,,,13311.24764402356,13.540145580826776,0,0,0,0,0,0,0
direct,102400,16,3,0.8649045,1.9774673,3.3869700799999993,,,15313.217889038191,0.8552389310033764,0,0,0,0,0,0,0
direct,102400,32,3,1.6866475,3.8568001,6.756150669999999,,,15475.458685619373,8.825703058878634,0,0,0,0,0,0,0
direct,1048576,1,3,1.07687,1.9557932,2.64151881,,,821.5125785713624,11.920519654182945,0,0,0,0,0,0,0
full,1048576,1,3,66.113572,82.8032615,110.9109263699999,,,14.35342302481605,3.4558585036064646,1080989.7125,1430630.4,0,0,0,0,0
nobody,1048576,1,3,39.8775165,47.0418495,54.543354859999994,-26.236055500000006,-35.76141200000001,24.330251507639364,3.5892769300214553,1080717.8625,19592.533333333333,0,0,0,0,0
notsa,1048576,1,3,62.882918000000004,70.034167,88.46345053999998,-3.2306540000000012,-12.769094500000008,15.730521186550684,4.976161411593543,1080806.6583333334,1430391.4666666666,0,0,0,0,0
synctsa,1048576,1,3,141.5974455,154.56342329999998,173.34469327,75.48387349999999,71.76016179999998,7.000079813440021,9.08641533367212,1082477.8708333333,1457390.9333333333,0,960,0,0,0
direct,1048576,2,3,1.325768,2.2062146999999994,3.433025939999998,,,1377.449472338193,7.003148363816288,0,0,0,0,0,0,0
direct,1048576,4,3,2.0010305,3.0731853999999994,4.331582639999999,,,1922.6370181810944,5.543243843609578,0,0,0,0,0,0,0
direct,1048576,8,3,3.534553,6.053072800000001,7.40314775,,,2147.6884226148145,32.20770773560332,0,0,0,0,0,0,0
direct,1048576,16,3,8.186567,10.851818699999999,12.65721069,,,1952.5311976517803,35.94177510548683,0,0,0,0,0,0,0
direct,1048576,32,3,15.380909500000001,18.6445205,21.30490671999999,,,2094.2007141537915,9.902912438305423,0.44,0,0,0,0,0,0
