2026-09-27T10:32:34.870Z,cs,13.20%,1.388GiB / 2GiB
2026-09-27T10:32:34.870Z,ss1,44.66%,2.783GiB / 4GiB
2026-09-27T10:32:34.870Z,ss2,46.11%,2.851GiB / 4GiB
2026-09-27T10:32:34.870Z,is-provider,0.94%,9.395MiB / 256MiB
2026-09-27T10:32:35.369Z,cs,13.20%,1.388GiB / 2GiB
2026-09-27T10:32:35.369Z,ss1,44.66%,2.783GiB / 4GiB
2026-09-27T10:32:35.369Z,ss2,46.11%,2.851GiB / 4GiB
2026-09-27T10:32:35.369Z,is-provider,0.94%,9.395MiB / 256MiB
2026-09-27T10:32:35.870Z,cs,1.95%,1.388GiB / 2GiB
2026-09-27T10:32:35.870Z,ss1,2.11%,2.784GiB / 4GiB
2026-09-27T10:32:35.870Z,ss2,2.18%,2.851GiB / 4GiB
2026-09-27T10:32:35.870Z,is-provider,16.37%,10.22MiB / 256MiB
