2026-09-27T10:28:29.328Z,cs,13.49%,1.382GiB / 2GiB
2026-09-27T10:28:29.328Z,ss1,86.90%,2.709GiB / 4GiB
2026-09-27T10:28:29.328Z,ss2,45.29%,2.72GiB / 4GiB
2026-09-27T10:28:29.328Z,is-provider,2.01%,10.11MiB / 256MiB
2026-09-27T10:28:29.827Z,cs,13.49%,1.382GiB / 2GiB
2026-09-27T10:28:29.827Z,ss1,86.90%,2.709GiB / 4GiB
2026-09-27T10:28:29.827Z,ss2,45.29%,2.72GiB / 4GiB
2026-09-27T10:28:29.827Z,is-provider,2.01%,10.11MiB / 256MiB
2026-09-27T10:28:30.328Z,cs,0.58%,1.382GiB / 2GiB
2026-09-27T10:28:30.328Z,ss1,119.81%,2.715GiB / 4GiB
2026-09-27T10:28:30.328Z,ss2,111.11%,2.723GiB / 4GiB
2026-09-27T10:28:30.328Z,is-provider,0.29%,10.7MiB / 256MiB
2026-09-27T10:28:30.827Z,cs,0.58%,1.382GiB / 2GiB
2026-09-27T10:28:30.827Z,ss1,119.81%,2.715GiB / 4GiB
2026-09-27T10:28:30.827Z,ss2,111.11%,2.723GiB / 4GiB
2026-09-27T10:28:30.827Z,is-provider,0.29%,10.7MiB / 256MiB
2026-09-27T10:28:31.328Z,cs,0.61%,1.382GiB / 2GiB
2026-09-27T10:28:31.328Z,ss1,108.01%,2.719GiB / 4GiB
2026-09-27T10:28:31.328Z,ss2,109.44%,2.727GiB / 4GiB
2026-09-27T10:28:31.328Z,is-provider,0.32%,10.83MiB / 256MiB
2026-09-27T10:28:31.827Z,cs,0.61%,1.382GiB / 2GiB
2026-09-27T10:28:31.827Z,ss1,108.01%,2.719GiB / 4GiB
2026-09-27T10:28:31.827Z,ss2,109.44%,2.727GiB / 4GiB
2026-09-27T10:28:31.827Z,is-provider,0.32%,10.83MiB / 256MiB
2026-09-27T10:28:32.328Z,cs,16.70%,1.385GiB / 2GiB
2026-09-27T10:28:32.328Z,ss1,91.40%,2.721GiB / 4GiB
2026-09-27T10:28:32.328Z,ss2,121.97%,2.729GiB / 4GiB
2026-09-27T10:28:32.328Z,is-provider,0.41%,11.32MiB / 256MiB
2026-09-27T10:28:32.827Z,cs,16.70%,1.385GiB / 2GiB
2026-09-27T10:28:32.827Z,ss1,91.40%,2.721GiB / 4GiB
2026-09-27T10:28:32.827Z,ss2,121.97%,2.729GiB / 4GiB
2026-09-27T10:28:32.827Z,is-provider,0.41%,11.32MiB / 256MiB
2026-09-27T10:28:33.328Z,cs,12.79%,1.385GiB / 2GiB
2026-09-27T10:28:33.328Z,ss1,121.82%,2.723GiB / 4GiB
2026-09-27T10:28:33.328Z,ss2,98.84%,2.731GiB / 4GiB
2026-09-27T10:28:33.328Z,is-provider,1.99%,11.97MiB / 256MiB
2026-09-27T10:28:33.827Z,cs,12.79%,1.385GiB / 2GiB
2026-09-27T10:28:33.827Z,ss1,121.82%,2.723GiB / 4GiB
2026-09-27T10:28:33.827Z,ss2,98.84%,2.731GiB / 4GiB
2026-09-27T10:28:33.827Z,is-provider,1.99%,11.97MiB / 256MiB
2026-09-27T10:28:34.328Z,cs,0.96%,1.385GiB / 2GiB
2026-09-27T10:28:34.328Z,ss1,106.42%,2.724GiB / 4GiB
2026-09-27T10:28:34.328Z,ss2,103.06%,2.732GiB / 4GiB
2026-09-27T10:28:34.328Z,is-provider,3.40%,10.56MiB / 256MiB
2026-09-27T10:28:34.827Z,cs,0.96%,1.385GiB / 2GiB
2026-09-27T10:28:34.827Z,ss1,106.42%,2.724GiB / 4GiB
2026-09-27T10:28:34.827Z,ss2,103.06%,2.732GiB / 4GiB
2026-09-27T10:28:34.827Z,is-provider,3.40%,10.56MiB / 256MiB
2026-09-27T10:28:35.327Z,cs,1.57%,1.385GiB / 2GiB
2026-09-27T10:28:35.327Z,ss1,136.76%,2.726GiB / 4GiB
2026-09-27T10:28:35.327Z,ss2,128.13%,2.733GiB / 4GiB
2026-09-27T10:28:35.327Z,is-provider,0.46%,10.56MiB / 256MiB
2026-09-27T10:28:35.827Z,cs,1.57%,1.385GiB / 2GiB
2026-09-27T10:28:35.827Z,ss1,136.76%,2.726GiB / 4GiB
2026-09-27T10:28:35.827Z,ss2,128.13%,2.733GiB / 4GiB
2026-09-27T10:28:35.827Z,is-provider,0.46%,10.56MiB / 256MiB
2026-09-27T10:28:36.328Z,cs,0.76%,1.384GiB / 2GiB
2026-09-27T10:28:36.328Z,ss1,111.87%,2.727GiB / 4GiB
2026-09-27T10:28:36.328Z,ss2,105.43%,2.734GiB / 4GiB
2026-09-27T10:28:36.328Z,is-provider,0.45%,10.47MiB / 256MiB
2026-09-27T10:28:36.828Z,cs,0.76%,1.384GiB / 2GiB
2026-09-27T10:28:36.828Z,ss1,111.87%,2.727GiB / 4GiB
2026-09-27T10:28:36.828Z,ss2,105.43%,2.734GiB / 4GiB
2026-09-27T10:28:36.828Z,is-provider,0.45%,10.47MiB / 256MiB
2026-09-27T10:28:37.327Z,cs,6.02%,1.385GiB / 2GiB
2026-09-27T10:28:37.327Z,ss1,143.13%,2.728GiB / 4GiB
2026-09-27T10:28:37.327Z,ss2,119.45%,2.734GiB / 4GiB
2026-09-27T10:28:37.327Z,is-provider,0.64%,10.23MiB / 256MiB
2026-09-27T10:28:37.828Z,cs,6.02%,1.385GiB / 2GiB
2026-09-27T10:28:37.828Z,ss1,143.13%,2.728GiB / 4GiB
2026-09-27T10:28:37.828Z,ss2,119.45%,2.734GiB / 4GiB
2026-09-27T10:28:37.828Z,is-provider,0.64%,10.23MiB / 256MiB
2026-09-27T10:28:38.327Z,cs,0.86%,1.385GiB / 2GiB
2026-09-27T10:28:38.327Z,ss1,132.23%,2.729GiB / 4GiB
2026-09-27T10:28:38.327Z,ss2,121.89%,2.735GiB / 4GiB
2026-09-27T10:28:38.327Z,is-provider,0.23%,10.23MiB / 256MiB
2026-09-27T10:28:38.827Z,cs,0.86%,1.385GiB / 2GiB
2026-09-27T10:28:38.827Z,ss1,132.23%,2.729GiB / 4GiB
2026-09-27T10:28:38.827Z,ss2,121.89%,2.735GiB / 4GiB
2026-09-27T10:28:38.827Z,is-provider,0.23%,10.23MiB / 256MiB
2026-09-27T10:28:39.328Z,cs,0.87%,1.384GiB / 2GiB
2026-09-27T10:28:39.328Z,ss1,132.74%,2.731GiB / 4GiB
2026-09-27T10:28:39.328Z,ss2,122.92%,2.736GiB / 4GiB
2026-09-27T10:28:39.328Z,is-provider,4.18%,10.07MiB / 256MiB
2026-09-27T10:28:39.828Z,cs,0.87%,1.384GiB / 2GiB
2026-09-27T10:28:39.828Z,ss1,132.74%,2.731GiB / 4GiB
2026-09-27T10:28:39.828Z,ss2,122.92%,2.736GiB / 4GiB
2026-09-27T10:28:39.828Z,is-provider,4.18%,10.07MiB / 256MiB
2026-09-27T10:28:40.328Z,cs,0.83%,1.384GiB / 2GiB
2026-09-27T10:28:40.328Z,ss1,128.15%,2.731GiB / 4GiB
2026-09-27T10:28:40.328Z,ss2,129.50%,2.741GiB / 4GiB
2026-09-27T10:28:40.328Z,is-provider,0.49%,10.26MiB / 256MiB
2026-09-27T10:28:40.827Z,cs,0.83%,1.384GiB / 2GiB
2026-09-27T10:28:40.827Z,ss1,128.15%,2.731GiB / 4GiB
2026-09-27T10:28:40.827Z,ss2,129.50%,2.741GiB / 4GiB
2026-09-27T10:28:40.827Z,is-provider,0.49%,10.26MiB / 256MiB
2026-09-27T10:28:41.328Z,cs,0.86%,1.384GiB / 2GiB
2026-09-27T10:28:41.328Z,ss1,119.63%,2.734GiB / 4GiB
2026-09-27T10:28:41.328Z,ss2,108.26%,2.743GiB / 4GiB
2026-09-27T10:28:41.328Z,is-provider,0.57%,10.38MiB / 256MiB
2026-09-27T10:28:41.829Z,cs,0.86%,1.384GiB / 2GiB
2026-09-27T10:28:41.829Z,ss1,119.63%,2.734GiB / 4GiB
2026-09-27T10:28:41.829Z,ss2,108.26%,2.743GiB / 4GiB
2026-09-27T10:28:41.829Z,is-provider,0.57%,10.38MiB / 256MiB
2026-09-27T10:28:42.328Z,cs,32.90%,1.385GiB / 2GiB
2026-09-27T10:28:42.328Z,ss1,135.98%,2.734GiB / 4GiB
2026-09-27T10:28:42.328Z,ss2,137.16%,2.743GiB / 4GiB
2026-09-27T10:28:42.328Z,is-provider,0.66%,10.57MiB / 256MiB
2026-09-27T10:28:42.827Z,cs,32.90%,1.385GiB / 2GiB
2026-09-27T10:28:42.827Z,ss1,135.98%,2.734GiB / 4GiB
2026-09-27T10:28:42.827Z,ss2,137.16%,2.743GiB / 4GiB
2026-09-27T10:28:42.827Z,is-provider,0.66%,10.57MiB / 256MiB
2026-09-27T10:28:43.327Z,cs,5.98%,1.385GiB / 2GiB
2026-09-27T10:28:43.327Z,ss1,113.18%,2.735GiB / 4GiB
2026-09-27T10:28:43.327Z,ss2,111.41%,2.743GiB / 4GiB
2026-09-27T10:28:43.327Z,is-provider,0.84%,10.9MiB / 256MiB
2026-09-27T10:28:43.828Z,cs,5.98%,1.385GiB / 2GiB
2026-09-27T10:28:43.828Z,ss1,113.18%,2.735GiB / 4GiB
2026-09-27T10:28:43.828Z,ss2,111.41%,2.743GiB / 4GiB
2026-09-27T10:28:43.828Z,is-provider,0.84%,10.9MiB / 256MiB
2026-09-27T10:28:44.327Z,cs,0.99%,1.385GiB / 2GiB
2026-09-27T10:28:44.327Z,ss1,133.08%,2.736GiB / 4GiB
2026-09-27T10:28:44.327Z,ss2,97.70%,2.743GiB / 4GiB
2026-09-27T10:28:44.327Z,is-provider,4.66%,10.54MiB / 256MiB
2026-09-27T10:28:44.828Z,cs,0.99%,1.385GiB / 2GiB
2026-09-27T10:28:44.828Z,ss1,133.08%,2.736GiB / 4GiB
2026-09-27T10:28:44.828Z,ss2,97.70%,2.743GiB / 4GiB
2026-09-27T10:28:44.828Z,is-provider,4.66%,10.54MiB / 256MiB
2026-09-27T10:28:45.327Z,cs,0.87%,1.385GiB / 2GiB
2026-09-27T10:28:45.327Z,ss1,104.19%,2.737GiB / 4GiB
2026-09-27T10:28:45.327Z,ss2,136.33%,2.743GiB / 4GiB
2026-09-27T10:28:45.327Z,is-provider,0.46%,10.93MiB / 256MiB
2026-09-27T10:28:45.828Z,cs,0.87%,1.385GiB / 2GiB
2026-09-27T10:28:45.828Z,ss1,104.19%,2.737GiB / 4GiB
2026-09-27T10:28:45.828Z,ss2,136.33%,2.743GiB / 4GiB
2026-09-27T10:28:45.828Z,is-provider,0.46%,10.93MiB / 256MiB
2026-09-27T10:28:46.327Z,cs,0.81%,1.385GiB / 2GiB
2026-09-27T10:28:46.327Z,ss1,122.97%,2.737GiB / 4GiB
2026-09-27T10:28:46.327Z,ss2,128.30%,2.744GiB / 4GiB
2026-09-27T10:28:46.327Z,is-provider,0.73%,10.8MiB / 256MiB
2026-09-27T10:28:46.828Z,cs,0.81%,1.385GiB / 2GiB
2026-09-27T10:28:46.828Z,ss1,122.97%,2.737GiB / 4GiB
2026-09-27T10:28:46.828Z,ss2,128.30%,2.744GiB / 4GiB
2026-09-27T10:28:46.828Z,is-provider,0.73%,10.8MiB / 256MiB
2026-09-27T10:28:47.328Z,cs,5.09%,1.385GiB / 2GiB
2026-09-27T10:28:47.328Z,ss1,112.64%,2.738GiB / 4GiB
2026-09-27T10:28:47.328Z,ss2,111.33%,2.745GiB / 4GiB
2026-09-27T10:28:47.328Z,is-provider,0.36%,10.4MiB / 256MiB
2026-09-27T10:28:47.828Z,cs,5.09%,1.385GiB / 2GiB
2026-09-27T10:28:47.828Z,ss1,112.64%,2.738GiB / 4GiB
2026-09-27T10:28:47.828Z,ss2,111.33%,2.745GiB / 4GiB
2026-09-27T10:28:47.828Z,is-provider,0.36%,10.4MiB / 256MiB
2026-09-27T10:28:48.328Z,cs,0.84%,1.385GiB / 2GiB
2026-09-27T10:28:48.328Z,ss1,107.66%,2.739GiB / 4GiB
2026-09-27T10:28:48.328Z,ss2,130.54%,2.745GiB / 4GiB
2026-09-27T10:28:48.328Z,is-provider,0.54%,10.53MiB / 256MiB
2026-09-27T10:28:48.828Z,cs,0.84%,1.385GiB / 2GiB
2026-09-27T10:28:48.828Z,ss1,107.66%,2.739GiB / 4GiB
2026-09-27T10:28:48.828Z,ss2,130.54%,2.745GiB / 4GiB
2026-09-27T10:28:48.828Z,is-provider,0.54%,10.53MiB / 256MiB
2026-09-27T10:28:49.329Z,cs,0.85%,1.385GiB / 2GiB
2026-09-27T10:28:49.329Z,ss1,99.17%,2.739GiB / 4GiB
2026-09-27T10:28:49.329Z,ss2,88.78%,2.746GiB / 4GiB
2026-09-27T10:28:49.329Z,is-provider,4.78%,10.99MiB / 256MiB
2026-09-27T10:28:49.828Z,cs,0.85%,1.385GiB / 2GiB
2026-09-27T10:28:49.828Z,ss1,99.17%,2.739GiB / 4GiB
2026-09-27T10:28:49.828Z,ss2,88.78%,2.746GiB / 4GiB
2026-09-27T10:28:49.828Z,is-provider,4.78%,10.99MiB / 256MiB
2026-09-27T10:28:50.328Z,cs,2.68%,1.385GiB / 2GiB
2026-09-27T10:28:50.328Z,ss1,97.77%,2.74GiB / 4GiB
2026-09-27T10:28:50.328Z,ss2,120.57%,2.745GiB / 4GiB
2026-09-27T10:28:50.328Z,is-provider,0.42%,10.69MiB / 256MiB
2026-09-27T10:28:50.828Z,cs,2.68%,1.385GiB / 2GiB
2026-09-27T10:28:50.828Z,ss1,97.77%,2.74GiB / 4GiB
2026-09-27T10:28:50.828Z,ss2,120.57%,2.745GiB / 4GiB
2026-09-27T10:28:50.828Z,is-provider,0.42%,10.69MiB / 256MiB
2026-09-27T10:28:51.328Z,cs,0.81%,1.385GiB / 2GiB
2026-09-27T10:28:51.328Z,ss1,127.11%,2.74GiB / 4GiB
2026-09-27T10:28:51.328Z,ss2,119.44%,2.745GiB / 4GiB
2026-09-27T10:28:51.328Z,is-provider,0.58%,10.82MiB / 256MiB
2026-09-27T10:28:51.828Z,cs,0.81%,1.385GiB / 2GiB
2026-09-27T10:28:51.828Z,ss1,127.11%,2.74GiB / 4GiB
2026-09-27T10:28:51.828Z,ss2,119.44%,2.745GiB / 4GiB
2026-09-27T10:28:51.828Z,is-provider,0.58%,10.82MiB / 256MiB
2026-09-27T10:28:52.327Z,cs,80.13%,1.388GiB / 2GiB
2026-09-27T10:28:52.327Z,ss1,97.52%,2.741GiB / 4GiB
2026-09-27T10:28:52.327Z,ss2,117.93%,2.746GiB / 4GiB
2026-09-27T10:28:52.327Z,is-provider,0.62%,10.98MiB / 256MiB
2026-09-27T10:28:52.828Z,cs,80.13%,1.388GiB / 2GiB
2026-09-27T10:28:52.828Z,ss1,97.52%,2.741GiB / 4GiB
2026-09-27T10:28:52.828Z,ss2,117.93%,2.746GiB / 4GiB
2026-09-27T10:28:52.828Z,is-provider,0.62%,10.98MiB / 256MiB
2026-09-27T10:28:53.328Z,cs,0.84%,1.388GiB / 2GiB
2026-09-27T10:28:53.328Z,ss1,124.43%,2.724GiB / 4GiB
2026-09-27T10:28:53.328Z,ss2,116.42%,2.747GiB / 4GiB
2026-09-27T10:28:53.328Z,is-provider,0.47%,10.79MiB / 256MiB
2026-09-27T10:28:53.828Z,cs,0.84%,1.388GiB / 2GiB
2026-09-27T10:28:53.828Z,ss1,124.43%,2.724GiB / 4GiB
2026-09-27T10:28:53.828Z,ss2,116.42%,2.747GiB / 4GiB
2026-09-27T10:28:53.828Z,is-provider,0.47%,10.79MiB / 256MiB
2026-09-27T10:28:54.327Z,cs,1.12%,1.388GiB / 2GiB
2026-09-27T10:28:54.327Z,ss1,76.38%,2.723GiB / 4GiB
2026-09-27T10:28:54.327Z,ss2,96.14%,2.747GiB / 4GiB
2026-09-27T10:28:54.327Z,is-provider,5.63%,10.6MiB / 256MiB
2026-09-27T10:28:54.828Z,cs,1.12%,1.388GiB / 2GiB
2026-09-27T10:28:54.828Z,ss1,76.38%,2.723GiB / 4GiB
2026-09-27T10:28:54.828Z,ss2,96.14%,2.747GiB / 4GiB
2026-09-27T10:28:54.828Z,is-provider,5.63%,10.6MiB / 256MiB
2026-09-27T10:28:55.329Z,cs,1.63%,1.388GiB / 2GiB
2026-09-27T10:28:55.329Z,ss1,83.45%,2.724GiB / 4GiB
2026-09-27T10:28:55.329Z,ss2,100.96%,2.747GiB / 4GiB
2026-09-27T10:28:55.329Z,is-provider,0.49%,10.58MiB / 256MiB
2026-09-27T10:28:55.828Z,cs,1.63%,1.388GiB / 2GiB
2026-09-27T10:28:55.828Z,ss1,83.45%,2.724GiB / 4GiB
2026-09-27T10:28:55.828Z,ss2,100.96%,2.747GiB / 4GiB
2026-09-27T10:28:55.828Z,is-provider,0.49%,10.58MiB / 256MiB
2026-09-27T10:28:56.328Z,cs,0.87%,1.388GiB / 2GiB
2026-09-27T10:28:56.328Z,ss1,86.59%,2.724GiB / 4GiB
2026-09-27T10:28:56.328Z,ss2,93.64%,2.747GiB / 4GiB
2026-09-27T10:28:56.328Z,is-provider,0.49%,11.34MiB / 256MiB
2026-09-27T10:28:56.828Z,cs,0.87%,1.388GiB / 2GiB
2026-09-27T10:28:56.828Z,ss1,86.59%,2.724GiB / 4GiB
2026-09-27T10:28:56.828Z,ss2,93.64%,2.747GiB / 4GiB
2026-09-27T10:28:56.828Z,is-provider,0.49%,11.34MiB / 256MiB
2026-09-27T10:28:57.327Z,cs,3.71%,1.387GiB / 2GiB
2026-09-27T10:28:57.327Z,ss1,77.56%,2.724GiB / 4GiB
2026-09-27T10:28:57.327Z,ss2,86.22%,2.748GiB / 4GiB
2026-09-27T10:28:57.327Z,is-provider,0.40%,11.24MiB / 256MiB
2026-09-27T10:28:57.827Z,cs,3.71%,1.387GiB / 2GiB
2026-09-27T10:28:57.827Z,ss1,77.56%,2.724GiB / 4GiB
2026-09-27T10:28:57.827Z,ss2,86.22%,2.748GiB / 4GiB
2026-09-27T10:28:57.827Z,is-provider,0.40%,11.24MiB / 256MiB
2026-09-27T10:28:58.328Z,cs,0.83%,1.387GiB / 2GiB
2026-09-27T10:28:58.328Z,ss1,97.91%,2.724GiB / 4GiB
2026-09-27T10:28:58.328Z,ss2,98.11%,2.748GiB / 4GiB
2026-09-27T10:28:58.328Z,is-provider,0.34%,11.15MiB / 256MiB
2026-09-27T10:28:58.827Z,cs,0.83%,1.387GiB / 2GiB
2026-09-27T10:28:58.827Z,ss1,97.91%,2.724GiB / 4GiB
2026-09-27T10:28:58.827Z,ss2,98.11%,2.748GiB / 4GiB
2026-09-27T10:28:58.827Z,is-provider,0.34%,11.15MiB / 256MiB
2026-09-27T10:28:59.327Z,cs,0.79%,1.387GiB / 2GiB
2026-09-27T10:28:59.327Z,ss1,82.09%,2.724GiB / 4GiB
2026-09-27T10:28:59.327Z,ss2,104.24%,2.748GiB / 4GiB
2026-09-27T10:28:59.327Z,is-provider,3.84%,10.32MiB / 256MiB
2026-09-27T10:28:59.828Z,cs,0.79%,1.387GiB / 2GiB
2026-09-27T10:28:59.828Z,ss1,82.09%,2.724GiB / 4GiB
2026-09-27T10:28:59.828Z,ss2,104.24%,2.748GiB / 4GiB
2026-09-27T10:28:59.828Z,is-provider,3.84%,10.32MiB / 256MiB
2026-09-27T10:29:00.328Z,cs,0.79%,1.387GiB / 2GiB
2026-09-27T10:29:00.328Z,ss1,82.09%,2.724GiB / 4GiB
2026-09-27T10:29:00.328Z,ss2,82.20%,2.748GiB / 4GiB
2026-09-27T10:29:00.328Z,is-provider,3.84%,10.32MiB / 256MiB
2026-09-27T10:29:00.827Z,cs,0.94%,1.388GiB / 2GiB
2026-09-27T10:29:00.827Z,ss1,83.38%,2.725GiB / 4GiB
2026-09-27T10:29:00.827Z,ss2,82.20%,2.748GiB / 4GiB
2026-09-27T10:29:00.827Z,is-provider,0.40%,10.42MiB / 256MiB
2026-09-27T10:29:01.328Z,cs,0.94%,1.388GiB / 2GiB
2026-09-27T10:29:01.328Z,ss1,83.38%,2.725GiB / 4GiB
2026-09-27T10:29:01.328Z,ss2,82.20%,2.748GiB / 4GiB
2026-09-27T10:29:01.328Z,is-provider,0.40%,10.42MiB / 256MiB
2026-09-27T10:29:01.828Z,cs,0.80%,1.387GiB / 2GiB
2026-09-27T10:29:01.828Z,ss1,77.83%,2.725GiB / 4GiB
2026-09-27T10:29:01.828Z,ss2,92.96%,2.749GiB / 4GiB
2026-09-27T10:29:01.828Z,is-provider,0.41%,10.61MiB / 256MiB
2026-09-27T10:29:02.328Z,cs,0.80%,1.387GiB / 2GiB
2026-09-27T10:29:02.328Z,ss1,77.83%,2.725GiB / 4GiB
2026-09-27T10:29:02.328Z,ss2,92.96%,2.749GiB / 4GiB
2026-09-27T10:29:02.328Z,is-provider,0.41%,10.61MiB / 256MiB
2026-09-27T10:29:02.827Z,cs,25.18%,1.388GiB / 2GiB
2026-09-27T10:29:02.827Z,ss1,88.63%,2.726GiB / 4GiB
2026-09-27T10:29:02.827Z,ss2,95.39%,2.749GiB / 4GiB
2026-09-27T10:29:02.827Z,is-provider,0.41%,10.53MiB / 256MiB
2026-09-27T10:29:03.327Z,cs,25.18%,1.388GiB / 2GiB
2026-09-27T10:29:03.327Z,ss1,88.63%,2.726GiB / 4GiB
2026-09-27T10:29:03.327Z,ss2,95.39%,2.749GiB / 4GiB
2026-09-27T10:29:03.327Z,is-provider,0.41%,10.53MiB / 256MiB
2026-09-27T10:29:03.828Z,cs,0.93%,1.388GiB / 2GiB
2026-09-27T10:29:03.828Z,ss1,99.67%,2.709GiB / 4GiB
2026-09-27T10:29:03.828Z,ss2,108.84%,2.748GiB / 4GiB
2026-09-27T10:29:03.828Z,is-provider,3.18%,12.43MiB / 256MiB
2026-09-27T10:29:04.327Z,cs,0.93%,1.388GiB / 2GiB
2026-09-27T10:29:04.327Z,ss1,99.67%,2.709GiB / 4GiB
2026-09-27T10:29:04.327Z,ss2,108.84%,2.748GiB / 4GiB
2026-09-27T10:29:04.327Z,is-provider,3.18%,12.43MiB / 256MiB
2026-09-27T10:29:04.827Z,cs,0.72%,1.388GiB / 2GiB
2026-09-27T10:29:04.827Z,ss1,64.74%,2.71GiB / 4GiB
2026-09-27T10:29:04.827Z,ss2,81.12%,2.748GiB / 4GiB
2026-09-27T10:29:04.827Z,is-provider,0.36%,10.91MiB / 256MiB
2026-09-27T10:29:05.327Z,cs,0.72%,1.388GiB / 2GiB
2026-09-27T10:29:05.327Z,ss1,64.74%,2.71GiB / 4GiB
2026-09-27T10:29:05.327Z,ss2,81.12%,2.748GiB / 4GiB
2026-09-27T10:29:05.327Z,is-provider,0.36%,10.91MiB / 256MiB
2026-09-27T10:29:05.828Z,cs,0.73%,1.387GiB / 2GiB
2026-09-27T10:29:05.828Z,ss1,138.12%,2.711GiB / 4GiB
2026-09-27T10:29:05.828Z,ss2,86.11%,2.749GiB / 4GiB
2026-09-27T10:29:05.828Z,is-provider,0.31%,10.38MiB / 256MiB
2026-09-27T10:29:06.327Z,cs,0.73%,1.387GiB / 2GiB
2026-09-27T10:29:06.327Z,ss1,138.12%,2.711GiB / 4GiB
2026-09-27T10:29:06.327Z,ss2,86.11%,2.749GiB / 4GiB
2026-09-27T10:29:06.327Z,is-provider,0.31%,10.38MiB / 256MiB
2026-09-27T10:29:06.828Z,cs,0.70%,1.387GiB / 2GiB
2026-09-27T10:29:06.828Z,ss1,110.09%,2.71GiB / 4GiB
2026-09-27T10:29:06.828Z,ss2,90.29%,2.748GiB / 4GiB
2026-09-27T10:29:06.828Z,is-provider,0.39%,10.57MiB / 256MiB
2026-09-27T10:29:07.327Z,cs,0.70%,1.387GiB / 2GiB
2026-09-27T10:29:07.327Z,ss1,110.09%,2.71GiB / 4GiB
2026-09-27T10:29:07.327Z,ss2,90.29%,2.748GiB / 4GiB
2026-09-27T10:29:07.327Z,is-provider,0.39%,10.57MiB / 256MiB
2026-09-27T10:29:07.828Z,cs,3.81%,1.387GiB / 2GiB
2026-09-27T10:29:07.828Z,ss1,112.18%,2.711GiB / 4GiB
2026-09-27T10:29:07.828Z,ss2,112.41%,2.748GiB / 4GiB
2026-09-27T10:29:07.828Z,is-provider,0.43%,10.25MiB / 256MiB
2026-09-27T10:29:08.327Z,cs,3.81%,1.387GiB / 2GiB
2026-09-27T10:29:08.327Z,ss1,112.18%,2.711GiB / 4GiB
2026-09-27T10:29:08.327Z,ss2,112.41%,2.748GiB / 4GiB
2026-09-27T10:29:08.327Z,is-provider,0.43%,10.25MiB / 256MiB
2026-09-27T10:29:08.827Z,cs,0.71%,1.387GiB / 2GiB
2026-09-27T10:29:08.827Z,ss1,79.19%,2.711GiB / 4GiB
2026-09-27T10:29:08.827Z,ss2,92.53%,2.748GiB / 4GiB
2026-09-27T10:29:08.827Z,is-provider,3.58%,12.43MiB / 256MiB
2026-09-27T10:29:09.327Z,cs,0.71%,1.387GiB / 2GiB
2026-09-27T10:29:09.327Z,ss1,79.19%,2.711GiB / 4GiB
2026-09-27T10:29:09.327Z,ss2,92.53%,2.748GiB / 4GiB
2026-09-27T10:29:09.327Z,is-provider,3.58%,12.43MiB / 256MiB
2026-09-27T10:29:09.827Z,cs,0.80%,1.387GiB / 2GiB
2026-09-27T10:29:09.827Z,ss1,82.14%,2.706GiB / 4GiB
2026-09-27T10:29:09.827Z,ss2,108.94%,2.749GiB / 4GiB
2026-09-27T10:29:09.827Z,is-provider,0.43%,10.47MiB / 256MiB
2026-09-27T10:29:10.328Z,cs,0.80%,1.387GiB / 2GiB
2026-09-27T10:29:10.328Z,ss1,82.14%,2.706GiB / 4GiB
2026-09-27T10:29:10.328Z,ss2,108.94%,2.749GiB / 4GiB
2026-09-27T10:29:10.328Z,is-provider,0.43%,10.47MiB / 256MiB
2026-09-27T10:29:10.827Z,cs,0.87%,1.387GiB / 2GiB
2026-09-27T10:29:10.827Z,ss1,100.00%,2.705GiB / 4GiB
2026-09-27T10:29:10.827Z,ss2,101.99%,2.75GiB / 4GiB
2026-09-27T10:29:10.827Z,is-provider,0.42%,10.62MiB / 256MiB
2026-09-27T10:29:11.327Z,cs,0.87%,1.387GiB / 2GiB
2026-09-27T10:29:11.327Z,ss1,100.00%,2.705GiB / 4GiB
2026-09-27T10:29:11.327Z,ss2,101.99%,2.75GiB / 4GiB
2026-09-27T10:29:11.327Z,is-provider,0.42%,10.62MiB / 256MiB
2026-09-27T10:29:11.827Z,cs,0.82%,1.387GiB / 2GiB
2026-09-27T10:29:11.827Z,ss1,90.80%,2.705GiB / 4GiB
2026-09-27T10:29:11.827Z,ss2,97.83%,2.75GiB / 4GiB
2026-09-27T10:29:11.827Z,is-provider,0.58%,10.81MiB / 256MiB
2026-09-27T10:29:12.327Z,cs,0.82%,1.387GiB / 2GiB
2026-09-27T10:29:12.327Z,ss1,90.80%,2.705GiB / 4GiB
2026-09-27T10:29:12.327Z,ss2,97.83%,2.75GiB / 4GiB
2026-09-27T10:29:12.327Z,is-provider,0.58%,10.81MiB / 256MiB
2026-09-27T10:29:12.828Z,cs,27.90%,1.388GiB / 2GiB
2026-09-27T10:29:12.828Z,ss1,82.62%,2.705GiB / 4GiB
2026-09-27T10:29:12.828Z,ss2,85.08%,2.75GiB / 4GiB
2026-09-27T10:29:12.828Z,is-provider,0.46%,10.56MiB / 256MiB
2026-09-27T10:29:13.328Z,cs,27.90%,1.388GiB / 2GiB
2026-09-27T10:29:13.328Z,ss1,82.62%,2.705GiB / 4GiB
2026-09-27T10:29:13.328Z,ss2,85.08%,2.75GiB / 4GiB
2026-09-27T10:29:13.328Z,is-provider,0.46%,10.56MiB / 256MiB
2026-09-27T10:29:13.827Z,cs,0.87%,1.388GiB / 2GiB
2026-09-27T10:29:13.827Z,ss1,83.32%,2.706GiB / 4GiB
2026-09-27T10:29:13.827Z,ss2,103.65%,2.75GiB / 4GiB
2026-09-27T10:29:13.827Z,is-provider,3.46%,10.9MiB / 256MiB
2026-09-27T10:29:14.328Z,cs,0.87%,1.388GiB / 2GiB
2026-09-27T10:29:14.328Z,ss1,83.32%,2.706GiB / 4GiB
2026-09-27T10:29:14.328Z,ss2,103.65%,2.75GiB / 4GiB
2026-09-27T10:29:14.328Z,is-provider,3.46%,10.9MiB / 256MiB
2026-09-27T10:29:14.828Z,cs,1.88%,1.387GiB / 2GiB
2026-09-27T10:29:14.828Z,ss1,77.08%,2.706GiB / 4GiB
2026-09-27T10:29:14.828Z,ss2,80.63%,2.75GiB / 4GiB
2026-09-27T10:29:14.828Z,is-provider,0.46%,10.76MiB / 256MiB
2026-09-27T10:29:15.327Z,cs,1.88%,1.387GiB / 2GiB
2026-09-27T10:29:15.327Z,ss1,77.08%,2.706GiB / 4GiB
2026-09-27T10:29:15.327Z,ss2,80.63%,2.75GiB / 4GiB
2026-09-27T10:29:15.327Z,is-provider,0.46%,10.76MiB / 256MiB
2026-09-27T10:29:15.827Z,cs,0.75%,1.387GiB / 2GiB
2026-09-27T10:29:15.827Z,ss1,90.50%,2.703GiB / 4GiB
2026-09-27T10:29:15.827Z,ss2,86.19%,2.751GiB / 4GiB
2026-09-27T10:29:15.827Z,is-provider,0.36%,10.66MiB / 256MiB
2026-09-27T10:29:16.327Z,cs,0.75%,1.387GiB / 2GiB
2026-09-27T10:29:16.327Z,ss1,90.50%,2.703GiB / 4GiB
2026-09-27T10:29:16.327Z,ss2,86.19%,2.751GiB / 4GiB
2026-09-27T10:29:16.327Z,is-provider,0.36%,10.66MiB / 256MiB
2026-09-27T10:29:16.828Z,cs,0.72%,1.387GiB / 2GiB
2026-09-27T10:29:16.828Z,ss1,74.37%,2.702GiB / 4GiB
2026-09-27T10:29:16.828Z,ss2,83.90%,2.751GiB / 4GiB
2026-09-27T10:29:16.828Z,is-provider,0.34%,10.83MiB / 256MiB
2026-09-27T10:29:17.328Z,cs,0.72%,1.387GiB / 2GiB
2026-09-27T10:29:17.328Z,ss1,74.37%,2.702GiB / 4GiB
2026-09-27T10:29:17.328Z,ss2,83.90%,2.751GiB / 4GiB
2026-09-27T10:29:17.328Z,is-provider,0.34%,10.83MiB / 256MiB
2026-09-27T10:29:17.828Z,cs,3.74%,1.388GiB / 2GiB
2026-09-27T10:29:17.828Z,ss1,80.25%,2.703GiB / 4GiB
2026-09-27T10:29:17.828Z,ss2,82.90%,2.752GiB / 4GiB
2026-09-27T10:29:17.828Z,is-provider,0.43%,10.43MiB / 256MiB
2026-09-27T10:29:18.328Z,cs,3.74%,1.388GiB / 2GiB
2026-09-27T10:29:18.328Z,ss1,80.25%,2.703GiB / 4GiB
2026-09-27T10:29:18.328Z,ss2,82.90%,2.752GiB / 4GiB
2026-09-27T10:29:18.328Z,is-provider,0.43%,10.43MiB / 256MiB
2026-09-27T10:29:18.828Z,cs,0.73%,1.387GiB / 2GiB
2026-09-27T10:29:18.828Z,ss1,71.22%,2.703GiB / 4GiB
2026-09-27T10:29:18.828Z,ss2,64.38%,2.751GiB / 4GiB
2026-09-27T10:29:18.828Z,is-provider,2.95%,12.59MiB / 256MiB
2026-09-27T10:29:19.327Z,cs,0.73%,1.387GiB / 2GiB
2026-09-27T10:29:19.327Z,ss1,71.22%,2.703GiB / 4GiB
2026-09-27T10:29:19.327Z,ss2,64.38%,2.751GiB / 4GiB
2026-09-27T10:29:19.327Z,is-provider,2.95%,12.59MiB / 256MiB
2026-09-27T10:29:19.827Z,cs,0.78%,1.387GiB / 2GiB
2026-09-27T10:29:19.827Z,ss1,79.98%,2.704GiB / 4GiB
2026-09-27T10:29:19.827Z,ss2,90.85%,2.751GiB / 4GiB
2026-09-27T10:29:19.827Z,is-provider,0.40%,10.62MiB / 256MiB
2026-09-27T10:29:20.327Z,cs,0.78%,1.387GiB / 2GiB
2026-09-27T10:29:20.327Z,ss1,79.98%,2.704GiB / 4GiB
2026-09-27T10:29:20.327Z,ss2,90.85%,2.751GiB / 4GiB
2026-09-27T10:29:20.327Z,is-provider,0.40%,10.62MiB / 256MiB
2026-09-27T10:29:20.827Z,cs,0.76%,1.387GiB / 2GiB
2026-09-27T10:29:20.827Z,ss1,95.80%,2.7GiB / 4GiB
2026-09-27T10:29:20.827Z,ss2,94.73%,2.752GiB / 4GiB
2026-09-27T10:29:20.827Z,is-provider,0.44%,10.41MiB / 256MiB
2026-09-27T10:29:21.327Z,cs,0.76%,1.387GiB / 2GiB
2026-09-27T10:29:21.327Z,ss1,95.80%,2.7GiB / 4GiB
2026-09-27T10:29:21.327Z,ss2,94.73%,2.752GiB / 4GiB
2026-09-27T10:29:21.327Z,is-provider,0.44%,10.41MiB / 256MiB
2026-09-27T10:29:21.828Z,cs,0.82%,1.387GiB / 2GiB
2026-09-27T10:29:21.828Z,ss1,83.10%,2.701GiB / 4GiB
2026-09-27T10:29:21.828Z,ss2,87.09%,2.751GiB / 4GiB
2026-09-27T10:29:21.828Z,is-provider,0.43%,10.5MiB / 256MiB
2026-09-27T10:29:22.328Z,cs,0.82%,1.387GiB / 2GiB
2026-09-27T10:29:22.328Z,ss1,83.10%,2.701GiB / 4GiB
2026-09-27T10:29:22.328Z,ss2,87.09%,2.751GiB / 4GiB
2026-09-27T10:29:22.328Z,is-provider,0.43%,10.5MiB / 256MiB
2026-09-27T10:29:22.827Z,cs,28.38%,1.389GiB / 2GiB
2026-09-27T10:29:22.827Z,ss1,84.11%,2.701GiB / 4GiB
2026-09-27T10:29:22.827Z,ss2,92.06%,2.751GiB / 4GiB
2026-09-27T10:29:22.827Z,is-provider,0.44%,10.29MiB / 256MiB
2026-09-27T10:29:23.328Z,cs,28.38%,1.389GiB / 2GiB
2026-09-27T10:29:23.328Z,ss1,84.11%,2.701GiB / 4GiB
2026-09-27T10:29:23.328Z,ss2,92.06%,2.751GiB / 4GiB
2026-09-27T10:29:23.328Z,is-provider,0.44%,10.29MiB / 256MiB
2026-09-27T10:29:23.827Z,cs,1.42%,1.388GiB / 2GiB
2026-09-27T10:29:23.827Z,ss1,91.50%,2.701GiB / 4GiB
2026-09-27T10:29:23.827Z,ss2,103.96%,2.752GiB / 4GiB
2026-09-27T10:29:23.827Z,is-provider,3.17%,11.02MiB / 256MiB
2026-09-27T10:29:24.327Z,cs,1.42%,1.388GiB / 2GiB
2026-09-27T10:29:24.327Z,ss1,91.50%,2.701GiB / 4GiB
2026-09-27T10:29:24.327Z,ss2,103.96%,2.752GiB / 4GiB
2026-09-27T10:29:24.327Z,is-provider,3.17%,11.02MiB / 256MiB
2026-09-27T10:29:24.827Z,cs,0.71%,1.388GiB / 2GiB
2026-09-27T10:29:24.827Z,ss1,76.53%,2.701GiB / 4GiB
2026-09-27T10:29:24.827Z,ss2,88.86%,2.753GiB / 4GiB
2026-09-27T10:29:24.827Z,is-provider,0.38%,10.86MiB / 256MiB
2026-09-27T10:29:25.328Z,cs,0.71%,1.388GiB / 2GiB
2026-09-27T10:29:25.328Z,ss1,76.53%,2.701GiB / 4GiB
2026-09-27T10:29:25.328Z,ss2,88.86%,2.753GiB / 4GiB
2026-09-27T10:29:25.328Z,is-provider,0.38%,10.86MiB / 256MiB
2026-09-27T10:29:25.827Z,cs,1.33%,1.388GiB / 2GiB
2026-09-27T10:29:25.827Z,ss1,89.82%,2.701GiB / 4GiB
2026-09-27T10:29:25.827Z,ss2,64.10%,2.752GiB / 4GiB
2026-09-27T10:29:25.827Z,is-provider,0.32%,10.67MiB / 256MiB
2026-09-27T10:29:26.327Z,cs,1.33%,1.388GiB / 2GiB
2026-09-27T10:29:26.327Z,ss1,89.82%,2.701GiB / 4GiB
2026-09-27T10:29:26.327Z,ss2,64.10%,2.752GiB / 4GiB
2026-09-27T10:29:26.327Z,is-provider,0.32%,10.67MiB / 256MiB
2026-09-27T10:29:26.827Z,cs,3.17%,1.388GiB / 2GiB
2026-09-27T10:29:26.827Z,ss1,70.93%,2.701GiB / 4GiB
2026-09-27T10:29:26.827Z,ss2,70.07%,2.752GiB / 4GiB
2026-09-27T10:29:26.827Z,is-provider,0.34%,10.61MiB / 256MiB
2026-09-27T10:29:27.328Z,cs,3.17%,1.388GiB / 2GiB
2026-09-27T10:29:27.328Z,ss1,70.93%,2.701GiB / 4GiB
2026-09-27T10:29:27.328Z,ss2,70.07%,2.752GiB / 4GiB
2026-09-27T10:29:27.328Z,is-provider,0.34%,10.61MiB / 256MiB
2026-09-27T10:29:27.827Z,cs,0.79%,1.388GiB / 2GiB
2026-09-27T10:29:27.827Z,ss1,91.88%,2.702GiB / 4GiB
2026-09-27T10:29:27.827Z,ss2,93.50%,2.752GiB / 4GiB
2026-09-27T10:29:27.827Z,is-provider,0.38%,11.04MiB / 256MiB
2026-09-27T10:29:28.328Z,cs,0.79%,1.388GiB / 2GiB
2026-09-27T10:29:28.328Z,ss1,91.88%,2.702GiB / 4GiB
2026-09-27T10:29:28.328Z,ss2,93.50%,2.752GiB / 4GiB
2026-09-27T10:29:28.328Z,is-provider,0.38%,11.04MiB / 256MiB
2026-09-27T10:29:28.827Z,cs,0.71%,1.387GiB / 2GiB
2026-09-27T10:29:28.827Z,ss1,72.41%,2.702GiB / 4GiB
2026-09-27T10:29:28.827Z,ss2,66.89%,2.752GiB / 4GiB
2026-09-27T10:29:28.827Z,is-provider,2.97%,10.88MiB / 256MiB
2026-09-27T10:29:29.328Z,cs,0.71%,1.387GiB / 2GiB
2026-09-27T10:29:29.328Z,ss1,72.41%,2.702GiB / 4GiB
2026-09-27T10:29:29.328Z,ss2,66.89%,2.752GiB / 4GiB
2026-09-27T10:29:29.328Z,is-provider,2.97%,10.88MiB / 256MiB
2026-09-27T10:29:29.827Z,cs,0.66%,1.387GiB / 2GiB
2026-09-27T10:29:29.827Z,ss1,84.38%,2.701GiB / 4GiB
2026-09-27T10:29:29.827Z,ss2,69.82%,2.752GiB / 4GiB
2026-09-27T10:29:29.827Z,is-provider,0.43%,11.06MiB / 256MiB
2026-09-27T10:29:30.327Z,cs,0.66%,1.387GiB / 2GiB
2026-09-27T10:29:30.327Z,ss1,84.38%,2.701GiB / 4GiB
2026-09-27T10:29:30.327Z,ss2,69.82%,2.752GiB / 4GiB
2026-09-27T10:29:30.327Z,is-provider,0.43%,11.06MiB / 256MiB
2026-09-27T10:29:30.827Z,cs,0.74%,1.387GiB / 2GiB
2026-09-27T10:29:30.827Z,ss1,110.74%,2.702GiB / 4GiB
2026-09-27T10:29:30.827Z,ss2,90.65%,2.753GiB / 4GiB
2026-09-27T10:29:30.827Z,is-provider,0.36%,10.62MiB / 256MiB
2026-09-27T10:29:31.327Z,cs,0.74%,1.387GiB / 2GiB
2026-09-27T10:29:31.327Z,ss1,110.74%,2.702GiB / 4GiB
2026-09-27T10:29:31.327Z,ss2,90.65%,2.753GiB / 4GiB
2026-09-27T10:29:31.327Z,is-provider,0.36%,10.62MiB / 256MiB
2026-09-27T10:29:31.828Z,cs,14.06%,1.388GiB / 2GiB
2026-09-27T10:29:31.828Z,ss1,81.82%,2.697GiB / 4GiB
2026-09-27T10:29:31.828Z,ss2,73.77%,2.752GiB / 4GiB
2026-09-27T10:29:31.828Z,is-provider,0.48%,10.86MiB / 256MiB
2026-09-27T10:29:32.327Z,cs,14.06%,1.388GiB / 2GiB
2026-09-27T10:29:32.327Z,ss1,81.82%,2.697GiB / 4GiB
2026-09-27T10:29:32.327Z,ss2,73.77%,2.752GiB / 4GiB
2026-09-27T10:29:32.327Z,is-provider,0.48%,10.86MiB / 256MiB
2026-09-27T10:29:32.828Z,cs,14.06%,1.388GiB / 2GiB
2026-09-27T10:29:32.828Z,ss1,81.82%,2.697GiB / 4GiB
2026-09-27T10:29:32.828Z,ss2,95.01%,2.752GiB / 4GiB
2026-09-27T10:29:32.828Z,is-provider,0.48%,10.86MiB / 256MiB
2026-09-27T10:29:33.327Z,cs,18.91%,1.388GiB / 2GiB
2026-09-27T10:29:33.327Z,ss1,75.80%,2.698GiB / 4GiB
2026-09-27T10:29:33.327Z,ss2,95.01%,2.752GiB / 4GiB
2026-09-27T10:29:33.327Z,is-provider,0.43%,10.88MiB / 256MiB
2026-09-27T10:29:33.827Z,cs,18.91%,1.388GiB / 2GiB
2026-09-27T10:29:33.827Z,ss1,75.80%,2.698GiB / 4GiB
2026-09-27T10:29:33.827Z,ss2,95.01%,2.752GiB / 4GiB
2026-09-27T10:29:33.827Z,is-provider,0.43%,10.88MiB / 256MiB
2026-09-27T10:29:34.327Z,cs,0.71%,1.388GiB / 2GiB
2026-09-27T10:29:34.327Z,ss1,76.92%,2.698GiB / 4GiB
2026-09-27T10:29:34.327Z,ss2,87.77%,2.753GiB / 4GiB
2026-09-27T10:29:34.327Z,is-provider,3.05%,10.93MiB / 256MiB
2026-09-27T10:29:34.828Z,cs,0.71%,1.388GiB / 2GiB
2026-09-27T10:29:34.828Z,ss1,76.92%,2.698GiB / 4GiB
2026-09-27T10:29:34.828Z,ss2,87.77%,2.753GiB / 4GiB
2026-09-27T10:29:34.828Z,is-provider,3.05%,10.93MiB / 256MiB
2026-09-27T10:29:35.328Z,cs,1.26%,1.388GiB / 2GiB
2026-09-27T10:29:35.328Z,ss1,83.69%,2.698GiB / 4GiB
2026-09-27T10:29:35.328Z,ss2,102.27%,2.753GiB / 4GiB
2026-09-27T10:29:35.328Z,is-provider,0.41%,10.57MiB / 256MiB
2026-09-27T10:29:35.827Z,cs,1.26%,1.388GiB / 2GiB
2026-09-27T10:29:35.827Z,ss1,83.69%,2.698GiB / 4GiB
2026-09-27T10:29:35.827Z,ss2,102.27%,2.753GiB / 4GiB
2026-09-27T10:29:35.827Z,is-provider,0.41%,10.57MiB / 256MiB
2026-09-27T10:29:36.327Z,cs,0.90%,1.388GiB / 2GiB
2026-09-27T10:29:36.327Z,ss1,96.15%,2.698GiB / 4GiB
2026-09-27T10:29:36.327Z,ss2,92.28%,2.753GiB / 4GiB
2026-09-27T10:29:36.327Z,is-provider,0.45%,10.63MiB / 256MiB
2026-09-27T10:29:36.828Z,cs,0.90%,1.388GiB / 2GiB
2026-09-27T10:29:36.828Z,ss1,96.15%,2.698GiB / 4GiB
2026-09-27T10:29:36.828Z,ss2,92.28%,2.753GiB / 4GiB
2026-09-27T10:29:36.828Z,is-provider,0.45%,10.63MiB / 256MiB
2026-09-27T10:29:37.327Z,cs,3.36%,1.388GiB / 2GiB
2026-09-27T10:29:37.327Z,ss1,95.65%,2.698GiB / 4GiB
2026-09-27T10:29:37.327Z,ss2,70.78%,2.753GiB / 4GiB
2026-09-27T10:29:37.327Z,is-provider,0.29%,10.33MiB / 256MiB
2026-09-27T10:29:37.828Z,cs,3.36%,1.388GiB / 2GiB
2026-09-27T10:29:37.828Z,ss1,95.65%,2.698GiB / 4GiB
2026-09-27T10:29:37.828Z,ss2,70.78%,2.753GiB / 4GiB
2026-09-27T10:29:37.828Z,is-provider,0.29%,10.33MiB / 256MiB
2026-09-27T10:29:38.328Z,cs,0.70%,1.388GiB / 2GiB
2026-09-27T10:29:38.328Z,ss1,69.09%,2.697GiB / 4GiB
2026-09-27T10:29:38.328Z,ss2,60.27%,2.752GiB / 4GiB
2026-09-27T10:29:38.328Z,is-provider,0.31%,10.84MiB / 256MiB
2026-09-27T10:29:38.827Z,cs,0.70%,1.388GiB / 2GiB
2026-09-27T10:29:38.827Z,ss1,69.09%,2.697GiB / 4GiB
2026-09-27T10:29:38.827Z,ss2,60.27%,2.752GiB / 4GiB
2026-09-27T10:29:38.827Z,is-provider,0.31%,10.84MiB / 256MiB
2026-09-27T10:29:39.327Z,cs,0.66%,1.388GiB / 2GiB
2026-09-27T10:29:39.327Z,ss1,63.64%,2.698GiB / 4GiB
2026-09-27T10:29:39.327Z,ss2,75.40%,2.752GiB / 4GiB
2026-09-27T10:29:39.327Z,is-provider,2.89%,10.62MiB / 256MiB
2026-09-27T10:29:39.827Z,cs,0.66%,1.388GiB / 2GiB
2026-09-27T10:29:39.827Z,ss1,63.64%,2.698GiB / 4GiB
2026-09-27T10:29:39.827Z,ss2,75.40%,2.752GiB / 4GiB
2026-09-27T10:29:39.827Z,is-provider,2.89%,10.62MiB / 256MiB
2026-09-27T10:29:40.327Z,cs,0.60%,1.388GiB / 2GiB
2026-09-27T10:29:40.327Z,ss1,68.31%,2.698GiB / 4GiB
2026-09-27T10:29:40.327Z,ss2,60.93%,2.752GiB / 4GiB
2026-09-27T10:29:40.327Z,is-provider,0.35%,10.5MiB / 256MiB
2026-09-27T10:29:40.827Z,cs,0.60%,1.388GiB / 2GiB
2026-09-27T10:29:40.827Z,ss1,68.31%,2.698GiB / 4GiB
2026-09-27T10:29:40.827Z,ss2,60.93%,2.752GiB / 4GiB
2026-09-27T10:29:40.827Z,is-provider,0.35%,10.5MiB / 256MiB
2026-09-27T10:29:41.328Z,cs,0.68%,1.387GiB / 2GiB
2026-09-27T10:29:41.328Z,ss1,89.44%,2.695GiB / 4GiB
2026-09-27T10:29:41.328Z,ss2,102.25%,2.753GiB / 4GiB
2026-09-27T10:29:41.328Z,is-provider,0.42%,10.7MiB / 256MiB
2026-09-27T10:29:41.828Z,cs,0.68%,1.387GiB / 2GiB
2026-09-27T10:29:41.828Z,ss1,89.44%,2.695GiB / 4GiB
2026-09-27T10:29:41.828Z,ss2,102.25%,2.753GiB / 4GiB
2026-09-27T10:29:41.828Z,is-provider,0.42%,10.7MiB / 256MiB
2026-09-27T10:29:42.328Z,cs,49.59%,1.389GiB / 2GiB
2026-09-27T10:29:42.328Z,ss1,90.23%,2.695GiB / 4GiB
2026-09-27T10:29:42.328Z,ss2,72.86%,2.753GiB / 4GiB
2026-09-27T10:29:42.328Z,is-provider,0.44%,10.65MiB / 256MiB
2026-09-27T10:29:42.827Z,cs,49.59%,1.389GiB / 2GiB
2026-09-27T10:29:42.827Z,ss1,90.23%,2.695GiB / 4GiB
2026-09-27T10:29:42.827Z,ss2,72.86%,2.753GiB / 4GiB
2026-09-27T10:29:42.827Z,is-provider,0.44%,10.65MiB / 256MiB
2026-09-27T10:29:43.327Z,cs,10.03%,1.388GiB / 2GiB
2026-09-27T10:29:43.327Z,ss1,79.61%,2.695GiB / 4GiB
2026-09-27T10:29:43.327Z,ss2,97.10%,2.754GiB / 4GiB
2026-09-27T10:29:43.327Z,is-provider,0.48%,10.55MiB / 256MiB
2026-09-27T10:29:43.827Z,cs,10.03%,1.388GiB / 2GiB
2026-09-27T10:29:43.827Z,ss1,79.61%,2.695GiB / 4GiB
2026-09-27T10:29:43.827Z,ss2,97.10%,2.754GiB / 4GiB
2026-09-27T10:29:43.827Z,is-provider,0.48%,10.55MiB / 256MiB
2026-09-27T10:29:44.328Z,cs,0.78%,1.387GiB / 2GiB
2026-09-27T10:29:44.328Z,ss1,86.76%,2.695GiB / 4GiB
2026-09-27T10:29:44.328Z,ss2,130.41%,2.753GiB / 4GiB
2026-09-27T10:29:44.328Z,is-provider,3.92%,10.27MiB / 256MiB
2026-09-27T10:29:44.828Z,cs,0.78%,1.387GiB / 2GiB
2026-09-27T10:29:44.828Z,ss1,86.76%,2.695GiB / 4GiB
2026-09-27T10:29:44.828Z,ss2,130.41%,2.753GiB / 4GiB
2026-09-27T10:29:44.828Z,is-provider,3.92%,10.27MiB / 256MiB
2026-09-27T10:29:45.328Z,cs,0.86%,1.387GiB / 2GiB
2026-09-27T10:29:45.328Z,ss1,113.01%,2.695GiB / 4GiB
2026-09-27T10:29:45.328Z,ss2,103.18%,2.754GiB / 4GiB
2026-09-27T10:29:45.328Z,is-provider,0.55%,10.22MiB / 256MiB
2026-09-27T10:29:45.828Z,cs,0.86%,1.387GiB / 2GiB
2026-09-27T10:29:45.828Z,ss1,113.01%,2.695GiB / 4GiB
2026-09-27T10:29:45.828Z,ss2,103.18%,2.754GiB / 4GiB
2026-09-27T10:29:45.828Z,is-provider,0.55%,10.22MiB / 256MiB
2026-09-27T10:29:46.328Z,cs,1.00%,1.387GiB / 2GiB
2026-09-27T10:29:46.328Z,ss1,109.37%,2.695GiB / 4GiB
2026-09-27T10:29:46.328Z,ss2,92.70%,2.754GiB / 4GiB
2026-09-27T10:29:46.328Z,is-provider,0.38%,10.17MiB / 256MiB
2026-09-27T10:29:46.828Z,cs,1.00%,1.387GiB / 2GiB
2026-09-27T10:29:46.828Z,ss1,109.37%,2.695GiB / 4GiB
2026-09-27T10:29:46.828Z,ss2,92.70%,2.754GiB / 4GiB
2026-09-27T10:29:46.828Z,is-provider,0.38%,10.17MiB / 256MiB
2026-09-27T10:29:47.328Z,cs,3.84%,1.389GiB / 2GiB
2026-09-27T10:29:47.328Z,ss1,95.58%,2.696GiB / 4GiB
2026-09-27T10:29:47.328Z,ss2,79.40%,2.754GiB / 4GiB
2026-09-27T10:29:47.328Z,is-provider,0.40%,10.21MiB / 256MiB
2026-09-27T10:29:47.828Z,cs,3.84%,1.389GiB / 2GiB
2026-09-27T10:29:47.828Z,ss1,95.58%,2.696GiB / 4GiB
2026-09-27T10:29:47.828Z,ss2,79.40%,2.754GiB / 4GiB
2026-09-27T10:29:47.828Z,is-provider,0.40%,10.21MiB / 256MiB
2026-09-27T10:29:48.328Z,cs,0.75%,1.388GiB / 2GiB
2026-09-27T10:29:48.328Z,ss1,72.64%,2.696GiB / 4GiB
2026-09-27T10:29:48.328Z,ss2,62.17%,2.754GiB / 4GiB
2026-09-27T10:29:48.328Z,is-provider,0.32%,10.19MiB / 256MiB
2026-09-27T10:29:48.828Z,cs,0.75%,1.388GiB / 2GiB
2026-09-27T10:29:48.828Z,ss1,72.64%,2.696GiB / 4GiB
2026-09-27T10:29:48.828Z,ss2,62.17%,2.754GiB / 4GiB
2026-09-27T10:29:48.828Z,is-provider,0.32%,10.19MiB / 256MiB
2026-09-27T10:29:49.327Z,cs,0.74%,1.388GiB / 2GiB
2026-09-27T10:29:49.327Z,ss1,54.03%,2.697GiB / 4GiB
2026-09-27T10:29:49.327Z,ss2,94.57%,2.754GiB / 4GiB
2026-09-27T10:29:49.327Z,is-provider,2.80%,10.87MiB / 256MiB
2026-09-27T10:29:49.827Z,cs,0.74%,1.388GiB / 2GiB
2026-09-27T10:29:49.827Z,ss1,54.03%,2.697GiB / 4GiB
2026-09-27T10:29:49.827Z,ss2,94.57%,2.754GiB / 4GiB
2026-09-27T10:29:49.827Z,is-provider,2.80%,10.87MiB / 256MiB
2026-09-27T10:29:50.328Z,cs,1.86%,1.388GiB / 2GiB
2026-09-27T10:29:50.328Z,ss1,88.76%,2.697GiB / 4GiB
2026-09-27T10:29:50.328Z,ss2,76.07%,2.754GiB / 4GiB
2026-09-27T10:29:50.328Z,is-provider,0.34%,10.52MiB / 256MiB
2026-09-27T10:29:50.827Z,cs,1.86%,1.388GiB / 2GiB
2026-09-27T10:29:50.827Z,ss1,88.76%,2.697GiB / 4GiB
2026-09-27T10:29:50.827Z,ss2,76.07%,2.754GiB / 4GiB
2026-09-27T10:29:50.827Z,is-provider,0.34%,10.52MiB / 256MiB
2026-09-27T10:29:51.327Z,cs,0.74%,1.388GiB / 2GiB
2026-09-27T10:29:51.327Z,ss1,84.40%,2.697GiB / 4GiB
2026-09-27T10:29:51.327Z,ss2,72.53%,2.754GiB / 4GiB
2026-09-27T10:29:51.327Z,is-provider,0.36%,10.67MiB / 256MiB
2026-09-27T10:29:51.827Z,cs,0.74%,1.388GiB / 2GiB
2026-09-27T10:29:51.827Z,ss1,84.40%,2.697GiB / 4GiB
2026-09-27T10:29:51.827Z,ss2,72.53%,2.754GiB / 4GiB
2026-09-27T10:29:51.827Z,is-provider,0.36%,10.67MiB / 256MiB
2026-09-27T10:29:52.327Z,cs,23.40%,1.388GiB / 2GiB
2026-09-27T10:29:52.327Z,ss1,64.43%,2.697GiB / 4GiB
2026-09-27T10:29:52.327Z,ss2,75.25%,2.754GiB / 4GiB
2026-09-27T10:29:52.327Z,is-provider,0.33%,10.43MiB / 256MiB
2026-09-27T10:29:52.828Z,cs,23.40%,1.388GiB / 2GiB
2026-09-27T10:29:52.828Z,ss1,64.43%,2.697GiB / 4GiB
2026-09-27T10:29:52.828Z,ss2,75.25%,2.754GiB / 4GiB
2026-09-27T10:29:52.828Z,is-provider,0.33%,10.43MiB / 256MiB
2026-09-27T10:29:53.327Z,cs,0.69%,1.388GiB / 2GiB
2026-09-27T10:29:53.327Z,ss1,68.88%,2.697GiB / 4GiB
2026-09-27T10:29:53.327Z,ss2,62.04%,2.754GiB / 4GiB
2026-09-27T10:29:53.327Z,is-provider,0.34%,10.61MiB / 256MiB
2026-09-27T10:29:53.828Z,cs,0.69%,1.388GiB / 2GiB
2026-09-27T10:29:53.828Z,ss1,68.88%,2.697GiB / 4GiB
2026-09-27T10:29:53.828Z,ss2,62.04%,2.754GiB / 4GiB
2026-09-27T10:29:53.828Z,is-provider,0.34%,10.61MiB / 256MiB
2026-09-27T10:29:54.327Z,cs,0.76%,1.388GiB / 2GiB
2026-09-27T10:29:54.327Z,ss1,61.35%,2.696GiB / 4GiB
2026-09-27T10:29:54.327Z,ss2,91.87%,2.754GiB / 4GiB
2026-09-27T10:29:54.327Z,is-provider,2.94%,10.27MiB / 256MiB
2026-09-27T10:29:54.828Z,cs,0.76%,1.388GiB / 2GiB
2026-09-27T10:29:54.828Z,ss1,61.35%,2.696GiB / 4GiB
2026-09-27T10:29:54.828Z,ss2,91.87%,2.754GiB / 4GiB
2026-09-27T10:29:54.828Z,is-provider,2.94%,10.27MiB / 256MiB
2026-09-27T10:29:55.327Z,cs,1.30%,1.388GiB / 2GiB
2026-09-27T10:29:55.327Z,ss1,71.84%,2.7GiB / 4GiB
2026-09-27T10:29:55.327Z,ss2,99.03%,2.754GiB / 4GiB
2026-09-27T10:29:55.327Z,is-provider,0.36%,10.67MiB / 256MiB
2026-09-27T10:29:55.828Z,cs,1.30%,1.388GiB / 2GiB
2026-09-27T10:29:55.828Z,ss1,71.84%,2.7GiB / 4GiB
2026-09-27T10:29:55.828Z,ss2,99.03%,2.754GiB / 4GiB
2026-09-27T10:29:55.828Z,is-provider,0.36%,10.67MiB / 256MiB
2026-09-27T10:29:56.327Z,cs,0.81%,1.387GiB / 2GiB
2026-09-27T10:29:56.327Z,ss1,117.33%,2.694GiB / 4GiB
2026-09-27T10:29:56.327Z,ss2,90.47%,2.755GiB / 4GiB
2026-09-27T10:29:56.327Z,is-provider,0.51%,10.83MiB / 256MiB
2026-09-27T10:29:56.828Z,cs,0.81%,1.387GiB / 2GiB
2026-09-27T10:29:56.828Z,ss1,117.33%,2.694GiB / 4GiB
2026-09-27T10:29:56.828Z,ss2,90.47%,2.755GiB / 4GiB
2026-09-27T10:29:56.828Z,is-provider,0.51%,10.83MiB / 256MiB
2026-09-27T10:29:57.328Z,cs,3.72%,1.388GiB / 2GiB
2026-09-27T10:29:57.328Z,ss1,78.98%,2.694GiB / 4GiB
2026-09-27T10:29:57.328Z,ss2,105.10%,2.755GiB / 4GiB
2026-09-27T10:29:57.328Z,is-provider,0.38%,10.75MiB / 256MiB
2026-09-27T10:29:57.828Z,cs,3.72%,1.388GiB / 2GiB
2026-09-27T10:29:57.828Z,ss1,78.98%,2.694GiB / 4GiB
2026-09-27T10:29:57.828Z,ss2,105.10%,2.755GiB / 4GiB
2026-09-27T10:29:57.828Z,is-provider,0.38%,10.75MiB / 256MiB
2026-09-27T10:29:58.328Z,cs,0.83%,1.388GiB / 2GiB
2026-09-27T10:29:58.328Z,ss1,101.92%,2.694GiB / 4GiB
2026-09-27T10:29:58.328Z,ss2,65.06%,2.755GiB / 4GiB
2026-09-27T10:29:58.328Z,is-provider,0.39%,10.5MiB / 256MiB
2026-09-27T10:29:58.828Z,cs,0.83%,1.388GiB / 2GiB
2026-09-27T10:29:58.828Z,ss1,101.92%,2.694GiB / 4GiB
2026-09-27T10:29:58.828Z,ss2,65.06%,2.755GiB / 4GiB
2026-09-27T10:29:58.828Z,is-provider,0.39%,10.5MiB / 256MiB
2026-09-27T10:29:59.327Z,cs,1.01%,1.388GiB / 2GiB
2026-09-27T10:29:59.327Z,ss1,99.51%,2.694GiB / 4GiB
2026-09-27T10:29:59.327Z,ss2,87.45%,2.755GiB / 4GiB
2026-09-27T10:29:59.327Z,is-provider,5.68%,10.4MiB / 256MiB
2026-09-27T10:29:59.828Z,cs,1.01%,1.388GiB / 2GiB
2026-09-27T10:29:59.828Z,ss1,99.51%,2.694GiB / 4GiB
2026-09-27T10:29:59.828Z,ss2,87.45%,2.755GiB / 4GiB
2026-09-27T10:29:59.828Z,is-provider,5.68%,10.4MiB / 256MiB
2026-09-27T10:30:00.327Z,cs,1.03%,1.388GiB / 2GiB
2026-09-27T10:30:00.327Z,ss1,123.92%,2.695GiB / 4GiB
2026-09-27T10:30:00.327Z,ss2,107.03%,2.756GiB / 4GiB
2026-09-27T10:30:00.327Z,is-provider,0.60%,10.19MiB / 256MiB
2026-09-27T10:30:00.827Z,cs,1.03%,1.388GiB / 2GiB
2026-09-27T10:30:00.827Z,ss1,123.92%,2.695GiB / 4GiB
2026-09-27T10:30:00.827Z,ss2,107.03%,2.756GiB / 4GiB
2026-09-27T10:30:00.827Z,is-provider,0.60%,10.19MiB / 256MiB
2026-09-27T10:30:01.328Z,cs,0.80%,1.388GiB / 2GiB
2026-09-27T10:30:01.328Z,ss1,115.24%,2.695GiB / 4GiB
2026-09-27T10:30:01.328Z,ss2,73.25%,2.756GiB / 4GiB
2026-09-27T10:30:01.328Z,is-provider,0.58%,10.78MiB / 256MiB
2026-09-27T10:30:01.828Z,cs,0.80%,1.388GiB / 2GiB
2026-09-27T10:30:01.828Z,ss1,115.24%,2.695GiB / 4GiB
2026-09-27T10:30:01.828Z,ss2,73.25%,2.756GiB / 4GiB
2026-09-27T10:30:01.828Z,is-provider,0.58%,10.78MiB / 256MiB
2026-09-27T10:30:02.328Z,cs,31.12%,1.388GiB / 2GiB
2026-09-27T10:30:02.328Z,ss1,92.47%,2.695GiB / 4GiB
2026-09-27T10:30:02.328Z,ss2,103.68%,2.755GiB / 4GiB
2026-09-27T10:30:02.328Z,is-provider,0.58%,10.78MiB / 256MiB
2026-09-27T10:30:02.827Z,cs,31.12%,1.388GiB / 2GiB
2026-09-27T10:30:02.827Z,ss1,92.47%,2.695GiB / 4GiB
2026-09-27T10:30:02.827Z,ss2,103.68%,2.755GiB / 4GiB
2026-09-27T10:30:02.827Z,is-provider,0.31%,10.3MiB / 256MiB
2026-09-27T10:30:03.327Z,cs,31.12%,1.388GiB / 2GiB
2026-09-27T10:30:03.327Z,ss1,92.47%,2.695GiB / 4GiB
2026-09-27T10:30:03.327Z,ss2,103.68%,2.755GiB / 4GiB
2026-09-27T10:30:03.327Z,is-provider,0.31%,10.3MiB / 256MiB
2026-09-27T10:30:03.827Z,cs,0.89%,1.388GiB / 2GiB
2026-09-27T10:30:03.827Z,ss1,123.73%,2.7GiB / 4GiB
2026-09-27T10:30:03.827Z,ss2,115.70%,2.755GiB / 4GiB
2026-09-27T10:30:03.827Z,is-provider,0.33%,10.72MiB / 256MiB
2026-09-27T10:30:04.328Z,cs,0.89%,1.388GiB / 2GiB
2026-09-27T10:30:04.328Z,ss1,123.73%,2.7GiB / 4GiB
2026-09-27T10:30:04.328Z,ss2,115.70%,2.755GiB / 4GiB
2026-09-27T10:30:04.328Z,is-provider,0.33%,10.72MiB / 256MiB
2026-09-27T10:30:04.828Z,cs,0.89%,1.388GiB / 2GiB
2026-09-27T10:30:04.828Z,ss1,102.07%,2.702GiB / 4GiB
2026-09-27T10:30:04.828Z,ss2,93.61%,2.758GiB / 4GiB
2026-09-27T10:30:04.828Z,is-provider,3.84%,11.34MiB / 256MiB
2026-09-27T10:30:05.328Z,cs,0.89%,1.388GiB / 2GiB
2026-09-27T10:30:05.328Z,ss1,102.07%,2.702GiB / 4GiB
2026-09-27T10:30:05.328Z,ss2,93.61%,2.758GiB / 4GiB
2026-09-27T10:30:05.328Z,is-provider,3.84%,11.34MiB / 256MiB
2026-09-27T10:30:05.827Z,cs,0.83%,1.388GiB / 2GiB
2026-09-27T10:30:05.827Z,ss1,185.15%,2.702GiB / 4GiB
2026-09-27T10:30:05.827Z,ss2,72.66%,2.758GiB / 4GiB
2026-09-27T10:30:05.827Z,is-provider,0.41%,11.26MiB / 256MiB
2026-09-27T10:30:06.328Z,cs,0.83%,1.388GiB / 2GiB
2026-09-27T10:30:06.328Z,ss1,185.15%,2.702GiB / 4GiB
2026-09-27T10:30:06.328Z,ss2,72.66%,2.758GiB / 4GiB
2026-09-27T10:30:06.328Z,is-provider,0.41%,11.26MiB / 256MiB
2026-09-27T10:30:06.828Z,cs,0.77%,1.387GiB / 2GiB
2026-09-27T10:30:06.828Z,ss1,175.52%,2.702GiB / 4GiB
2026-09-27T10:30:06.828Z,ss2,70.07%,2.758GiB / 4GiB
2026-09-27T10:30:06.828Z,is-provider,0.37%,10.89MiB / 256MiB
2026-09-27T10:30:07.327Z,cs,0.77%,1.387GiB / 2GiB
2026-09-27T10:30:07.327Z,ss1,175.52%,2.702GiB / 4GiB
2026-09-27T10:30:07.327Z,ss2,70.07%,2.758GiB / 4GiB
2026-09-27T10:30:07.327Z,is-provider,0.37%,10.89MiB / 256MiB
2026-09-27T10:30:07.827Z,cs,3.10%,1.387GiB / 2GiB
2026-09-27T10:30:07.827Z,ss1,100.15%,2.702GiB / 4GiB
2026-09-27T10:30:07.827Z,ss2,59.78%,2.758GiB / 4GiB
2026-09-27T10:30:07.827Z,is-provider,0.34%,10.37MiB / 256MiB
2026-09-27T10:30:08.328Z,cs,3.10%,1.387GiB / 2GiB
2026-09-27T10:30:08.328Z,ss1,100.15%,2.702GiB / 4GiB
2026-09-27T10:30:08.328Z,ss2,59.78%,2.758GiB / 4GiB
2026-09-27T10:30:08.328Z,is-provider,0.34%,10.37MiB / 256MiB
2026-09-27T10:30:08.827Z,cs,0.82%,1.387GiB / 2GiB
2026-09-27T10:30:08.827Z,ss1,68.44%,2.702GiB / 4GiB
2026-09-27T10:30:08.827Z,ss2,71.86%,2.758GiB / 4GiB
2026-09-27T10:30:08.827Z,is-provider,0.34%,10.87MiB / 256MiB
2026-09-27T10:30:09.327Z,cs,0.82%,1.387GiB / 2GiB
2026-09-27T10:30:09.327Z,ss1,68.44%,2.702GiB / 4GiB
2026-09-27T10:30:09.327Z,ss2,71.86%,2.758GiB / 4GiB
2026-09-27T10:30:09.327Z,is-provider,0.34%,10.87MiB / 256MiB
2026-09-27T10:30:09.828Z,cs,0.81%,1.387GiB / 2GiB
2026-09-27T10:30:09.828Z,ss1,78.32%,2.702GiB / 4GiB
2026-09-27T10:30:09.828Z,ss2,66.17%,2.759GiB / 4GiB
2026-09-27T10:30:09.828Z,is-provider,4.87%,10.7MiB / 256MiB
2026-09-27T10:30:10.328Z,cs,0.81%,1.387GiB / 2GiB
2026-09-27T10:30:10.328Z,ss1,78.32%,2.702GiB / 4GiB
2026-09-27T10:30:10.328Z,ss2,66.17%,2.759GiB / 4GiB
2026-09-27T10:30:10.328Z,is-provider,4.87%,10.7MiB / 256MiB
2026-09-27T10:30:10.827Z,cs,0.67%,1.387GiB / 2GiB
2026-09-27T10:30:10.827Z,ss1,59.12%,2.702GiB / 4GiB
2026-09-27T10:30:10.827Z,ss2,121.62%,2.759GiB / 4GiB
2026-09-27T10:30:10.827Z,is-provider,0.36%,11.05MiB / 256MiB
2026-09-27T10:30:11.328Z,cs,0.67%,1.387GiB / 2GiB
2026-09-27T10:30:11.328Z,ss1,59.12%,2.702GiB / 4GiB
2026-09-27T10:30:11.328Z,ss2,121.62%,2.759GiB / 4GiB
2026-09-27T10:30:11.328Z,is-provider,0.36%,11.05MiB / 256MiB
2026-09-27T10:30:11.827Z,cs,0.97%,1.387GiB / 2GiB
2026-09-27T10:30:11.827Z,ss1,74.84%,2.702GiB / 4GiB
2026-09-27T10:30:11.827Z,ss2,72.85%,2.76GiB / 4GiB
2026-09-27T10:30:11.827Z,is-provider,0.40%,10.91MiB / 256MiB
2026-09-27T10:30:12.328Z,cs,0.97%,1.387GiB / 2GiB
2026-09-27T10:30:12.328Z,ss1,74.84%,2.702GiB / 4GiB
2026-09-27T10:30:12.328Z,ss2,72.85%,2.76GiB / 4GiB
2026-09-27T10:30:12.328Z,is-provider,0.40%,10.91MiB / 256MiB
2026-09-27T10:30:12.828Z,cs,26.73%,1.388GiB / 2GiB
2026-09-27T10:30:12.828Z,ss1,69.17%,2.701GiB / 4GiB
2026-09-27T10:30:12.828Z,ss2,94.19%,2.76GiB / 4GiB
2026-09-27T10:30:12.828Z,is-provider,0.40%,11.08MiB / 256MiB
2026-09-27T10:30:13.327Z,cs,26.73%,1.388GiB / 2GiB
2026-09-27T10:30:13.327Z,ss1,69.17%,2.701GiB / 4GiB
2026-09-27T10:30:13.327Z,ss2,94.19%,2.76GiB / 4GiB
2026-09-27T10:30:13.327Z,is-provider,0.40%,11.08MiB / 256MiB
2026-09-27T10:30:13.828Z,cs,0.87%,1.388GiB / 2GiB
2026-09-27T10:30:13.828Z,ss1,91.81%,2.701GiB / 4GiB
2026-09-27T10:30:13.828Z,ss2,68.35%,2.76GiB / 4GiB
2026-09-27T10:30:13.828Z,is-provider,0.45%,10.97MiB / 256MiB
2026-09-27T10:30:14.328Z,cs,0.87%,1.388GiB / 2GiB
2026-09-27T10:30:14.328Z,ss1,91.81%,2.701GiB / 4GiB
2026-09-27T10:30:14.328Z,ss2,68.35%,2.76GiB / 4GiB
2026-09-27T10:30:14.328Z,is-provider,0.45%,10.97MiB / 256MiB
2026-09-27T10:30:14.827Z,cs,4.54%,1.383GiB / 2GiB
2026-09-27T10:30:14.827Z,ss1,86.28%,2.701GiB / 4GiB
2026-09-27T10:30:14.827Z,ss2,75.46%,2.761GiB / 4GiB
2026-09-27T10:30:14.827Z,is-provider,3.19%,10.82MiB / 256MiB
2026-09-27T10:30:15.328Z,cs,4.54%,1.383GiB / 2GiB
2026-09-27T10:30:15.328Z,ss1,86.28%,2.701GiB / 4GiB
2026-09-27T10:30:15.328Z,ss2,75.46%,2.761GiB / 4GiB
2026-09-27T10:30:15.328Z,is-provider,3.19%,10.82MiB / 256MiB
2026-09-27T10:30:15.828Z,cs,0.74%,1.383GiB / 2GiB
2026-09-27T10:30:15.828Z,ss1,80.59%,2.701GiB / 4GiB
2026-09-27T10:30:15.828Z,ss2,78.85%,2.761GiB / 4GiB
2026-09-27T10:30:15.828Z,is-provider,0.37%,10.75MiB / 256MiB
2026-09-27T10:30:16.327Z,cs,0.74%,1.383GiB / 2GiB
2026-09-27T10:30:16.327Z,ss1,80.59%,2.701GiB / 4GiB
2026-09-27T10:30:16.327Z,ss2,78.85%,2.761GiB / 4GiB
2026-09-27T10:30:16.327Z,is-provider,0.37%,10.75MiB / 256MiB
2026-09-27T10:30:16.827Z,cs,0.74%,1.383GiB / 2GiB
2026-09-27T10:30:16.827Z,ss1,101.45%,2.701GiB / 4GiB
2026-09-27T10:30:16.827Z,ss2,85.54%,2.754GiB / 4GiB
2026-09-27T10:30:16.827Z,is-provider,0.44%,11.11MiB / 256MiB
2026-09-27T10:30:17.328Z,cs,0.74%,1.383GiB / 2GiB
2026-09-27T10:30:17.328Z,ss1,101.45%,2.701GiB / 4GiB
2026-09-27T10:30:17.328Z,ss2,85.54%,2.754GiB / 4GiB
2026-09-27T10:30:17.328Z,is-provider,0.44%,11.11MiB / 256MiB
2026-09-27T10:30:17.827Z,cs,4.14%,1.384GiB / 2GiB
2026-09-27T10:30:17.827Z,ss1,97.06%,2.701GiB / 4GiB
2026-09-27T10:30:17.827Z,ss2,101.82%,2.764GiB / 4GiB
2026-09-27T10:30:17.827Z,is-provider,0.52%,11.06MiB / 256MiB
2026-09-27T10:30:18.328Z,cs,4.14%,1.384GiB / 2GiB
2026-09-27T10:30:18.328Z,ss1,97.06%,2.701GiB / 4GiB
2026-09-27T10:30:18.328Z,ss2,101.82%,2.764GiB / 4GiB
2026-09-27T10:30:18.328Z,is-provider,0.52%,11.06MiB / 256MiB
2026-09-27T10:30:18.828Z,cs,0.81%,1.384GiB / 2GiB
2026-09-27T10:30:18.828Z,ss1,116.64%,2.701GiB / 4GiB
2026-09-27T10:30:18.828Z,ss2,79.39%,2.764GiB / 4GiB
2026-09-27T10:30:18.828Z,is-provider,0.46%,10.95MiB / 256MiB
2026-09-27T10:30:19.327Z,cs,0.81%,1.384GiB / 2GiB
2026-09-27T10:30:19.327Z,ss1,116.64%,2.701GiB / 4GiB
2026-09-27T10:30:19.327Z,ss2,79.39%,2.764GiB / 4GiB
2026-09-27T10:30:19.327Z,is-provider,0.46%,10.95MiB / 256MiB
2026-09-27T10:30:19.827Z,cs,0.86%,1.383GiB / 2GiB
2026-09-27T10:30:19.827Z,ss1,62.54%,2.702GiB / 4GiB
2026-09-27T10:30:19.827Z,ss2,61.03%,2.764GiB / 4GiB
2026-09-27T10:30:19.827Z,is-provider,3.47%,11.19MiB / 256MiB
2026-09-27T10:30:20.327Z,cs,0.86%,1.383GiB / 2GiB
2026-09-27T10:30:20.327Z,ss1,62.54%,2.702GiB / 4GiB
2026-09-27T10:30:20.327Z,ss2,61.03%,2.764GiB / 4GiB
2026-09-27T10:30:20.327Z,is-provider,3.47%,11.19MiB / 256MiB
2026-09-27T10:30:20.827Z,cs,0.79%,1.383GiB / 2GiB
2026-09-27T10:30:20.827Z,ss1,90.19%,2.702GiB / 4GiB
2026-09-27T10:30:20.827Z,ss2,91.52%,2.765GiB / 4GiB
2026-09-27T10:30:20.827Z,is-provider,0.42%,10.89MiB / 256MiB
2026-09-27T10:30:21.327Z,cs,0.79%,1.383GiB / 2GiB
2026-09-27T10:30:21.327Z,ss1,90.19%,2.702GiB / 4GiB
2026-09-27T10:30:21.327Z,ss2,91.52%,2.765GiB / 4GiB
2026-09-27T10:30:21.327Z,is-provider,0.42%,10.89MiB / 256MiB
2026-09-27T10:30:21.827Z,cs,0.83%,1.382GiB / 2GiB
2026-09-27T10:30:21.827Z,ss1,73.59%,2.703GiB / 4GiB
2026-09-27T10:30:21.827Z,ss2,90.57%,2.765GiB / 4GiB
2026-09-27T10:30:21.827Z,is-provider,0.42%,10.49MiB / 256MiB
2026-09-27T10:30:22.328Z,cs,0.83%,1.382GiB / 2GiB
2026-09-27T10:30:22.328Z,ss1,73.59%,2.703GiB / 4GiB
2026-09-27T10:30:22.328Z,ss2,90.57%,2.765GiB / 4GiB
2026-09-27T10:30:22.328Z,is-provider,0.42%,10.49MiB / 256MiB
2026-09-27T10:30:22.827Z,cs,34.69%,1.385GiB / 2GiB
2026-09-27T10:30:22.827Z,ss1,87.66%,2.702GiB / 4GiB
2026-09-27T10:30:22.827Z,ss2,88.81%,2.765GiB / 4GiB
2026-09-27T10:30:22.827Z,is-provider,0.48%,10.42MiB / 256MiB
2026-09-27T10:30:23.327Z,cs,34.69%,1.385GiB / 2GiB
2026-09-27T10:30:23.327Z,ss1,87.66%,2.702GiB / 4GiB
2026-09-27T10:30:23.327Z,ss2,88.81%,2.765GiB / 4GiB
2026-09-27T10:30:23.327Z,is-provider,0.48%,10.42MiB / 256MiB
2026-09-27T10:30:23.828Z,cs,0.97%,1.384GiB / 2GiB
2026-09-27T10:30:23.828Z,ss1,66.11%,2.702GiB / 4GiB
2026-09-27T10:30:23.828Z,ss2,88.07%,2.765GiB / 4GiB
2026-09-27T10:30:23.828Z,is-provider,0.41%,10.27MiB / 256MiB
2026-09-27T10:30:24.328Z,cs,0.97%,1.384GiB / 2GiB
2026-09-27T10:30:24.328Z,ss1,66.11%,2.702GiB / 4GiB
2026-09-27T10:30:24.328Z,ss2,88.07%,2.765GiB / 4GiB
2026-09-27T10:30:24.328Z,is-provider,0.41%,10.27MiB / 256MiB
2026-09-27T10:30:24.828Z,cs,0.75%,1.384GiB / 2GiB
2026-09-27T10:30:24.828Z,ss1,84.60%,2.702GiB / 4GiB
2026-09-27T10:30:24.828Z,ss2,87.00%,2.765GiB / 4GiB
2026-09-27T10:30:24.828Z,is-provider,3.20%,10.72MiB / 256MiB
2026-09-27T10:30:25.328Z,cs,0.75%,1.384GiB / 2GiB
2026-09-27T10:30:25.328Z,ss1,84.60%,2.702GiB / 4GiB
2026-09-27T10:30:25.328Z,ss2,87.00%,2.765GiB / 4GiB
2026-09-27T10:30:25.328Z,is-provider,3.20%,10.72MiB / 256MiB
2026-09-27T10:30:25.828Z,cs,1.88%,1.385GiB / 2GiB
2026-09-27T10:30:25.828Z,ss1,100.90%,2.702GiB / 4GiB
2026-09-27T10:30:25.828Z,ss2,100.16%,2.765GiB / 4GiB
2026-09-27T10:30:25.828Z,is-provider,0.35%,10.71MiB / 256MiB
2026-09-27T10:30:26.328Z,cs,1.88%,1.385GiB / 2GiB
2026-09-27T10:30:26.328Z,ss1,100.90%,2.702GiB / 4GiB
2026-09-27T10:30:26.328Z,ss2,100.16%,2.765GiB / 4GiB
2026-09-27T10:30:26.328Z,is-provider,0.35%,10.71MiB / 256MiB
2026-09-27T10:30:26.827Z,cs,0.85%,1.384GiB / 2GiB
2026-09-27T10:30:26.827Z,ss1,109.42%,2.702GiB / 4GiB
2026-09-27T10:30:26.827Z,ss2,101.11%,2.766GiB / 4GiB
2026-09-27T10:30:26.827Z,is-provider,0.54%,11.12MiB / 256MiB
2026-09-27T10:30:27.327Z,cs,0.85%,1.384GiB / 2GiB
2026-09-27T10:30:27.327Z,ss1,109.42%,2.702GiB / 4GiB
2026-09-27T10:30:27.327Z,ss2,101.11%,2.766GiB / 4GiB
2026-09-27T10:30:27.327Z,is-provider,0.54%,11.12MiB / 256MiB
2026-09-27T10:30:27.827Z,cs,4.42%,1.385GiB / 2GiB
2026-09-27T10:30:27.827Z,ss1,110.52%,2.702GiB / 4GiB
2026-09-27T10:30:27.827Z,ss2,131.97%,2.769GiB / 4GiB
2026-09-27T10:30:27.827Z,is-provider,0.47%,10.4MiB / 256MiB
2026-09-27T10:30:28.328Z,cs,4.42%,1.385GiB / 2GiB
2026-09-27T10:30:28.328Z,ss1,110.52%,2.702GiB / 4GiB
2026-09-27T10:30:28.328Z,ss2,131.97%,2.769GiB / 4GiB
2026-09-27T10:30:28.328Z,is-provider,0.47%,10.4MiB / 256MiB
2026-09-27T10:30:28.828Z,cs,0.92%,1.385GiB / 2GiB
2026-09-27T10:30:28.828Z,ss1,86.63%,2.702GiB / 4GiB
2026-09-27T10:30:28.828Z,ss2,119.06%,2.77GiB / 4GiB
2026-09-27T10:30:28.828Z,is-provider,0.47%,10.22MiB / 256MiB
2026-09-27T10:30:29.328Z,cs,0.92%,1.385GiB / 2GiB
2026-09-27T10:30:29.328Z,ss1,86.63%,2.702GiB / 4GiB
2026-09-27T10:30:29.328Z,ss2,119.06%,2.77GiB / 4GiB
2026-09-27T10:30:29.328Z,is-provider,0.47%,10.22MiB / 256MiB
2026-09-27T10:30:29.827Z,cs,0.90%,1.385GiB / 2GiB
2026-09-27T10:30:29.827Z,ss1,80.45%,2.702GiB / 4GiB
2026-09-27T10:30:29.827Z,ss2,102.55%,2.771GiB / 4GiB
2026-09-27T10:30:29.827Z,is-provider,3.52%,10.42MiB / 256MiB
2026-09-27T10:30:30.328Z,cs,0.90%,1.385GiB / 2GiB
2026-09-27T10:30:30.328Z,ss1,80.45%,2.702GiB / 4GiB
2026-09-27T10:30:30.328Z,ss2,102.55%,2.771GiB / 4GiB
2026-09-27T10:30:30.328Z,is-provider,3.52%,10.42MiB / 256MiB
2026-09-27T10:30:30.827Z,cs,0.82%,1.385GiB / 2GiB
2026-09-27T10:30:30.827Z,ss1,95.20%,2.703GiB / 4GiB
2026-09-27T10:30:30.827Z,ss2,113.22%,2.776GiB / 4GiB
2026-09-27T10:30:30.827Z,is-provider,0.34%,10.38MiB / 256MiB
2026-09-27T10:30:31.328Z,cs,0.82%,1.385GiB / 2GiB
2026-09-27T10:30:31.328Z,ss1,95.20%,2.703GiB / 4GiB
2026-09-27T10:30:31.328Z,ss2,113.22%,2.776GiB / 4GiB
2026-09-27T10:30:31.328Z,is-provider,0.34%,10.38MiB / 256MiB
2026-09-27T10:30:31.828Z,cs,8.86%,1.385GiB / 2GiB
2026-09-27T10:30:31.828Z,ss1,77.67%,2.704GiB / 4GiB
2026-09-27T10:30:31.828Z,ss2,93.21%,2.764GiB / 4GiB
2026-09-27T10:30:31.828Z,is-provider,0.38%,10.3MiB / 256MiB
2026-09-27T10:30:32.327Z,cs,8.86%,1.385GiB / 2GiB
2026-09-27T10:30:32.327Z,ss1,77.67%,2.704GiB / 4GiB
2026-09-27T10:30:32.327Z,ss2,93.21%,2.764GiB / 4GiB
2026-09-27T10:30:32.327Z,is-provider,0.38%,10.3MiB / 256MiB
2026-09-27T10:30:32.829Z,cs,21.69%,1.385GiB / 2GiB
2026-09-27T10:30:32.829Z,ss1,77.33%,2.704GiB / 4GiB
2026-09-27T10:30:32.829Z,ss2,78.54%,2.765GiB / 4GiB
2026-09-27T10:30:32.829Z,is-provider,0.48%,10.52MiB / 256MiB
2026-09-27T10:30:33.328Z,cs,21.69%,1.385GiB / 2GiB
2026-09-27T10:30:33.328Z,ss1,77.33%,2.704GiB / 4GiB
2026-09-27T10:30:33.328Z,ss2,78.54%,2.765GiB / 4GiB
2026-09-27T10:30:33.328Z,is-provider,0.48%,10.52MiB / 256MiB
2026-09-27T10:30:33.828Z,cs,0.78%,1.385GiB / 2GiB
2026-09-27T10:30:33.828Z,ss1,64.87%,2.703GiB / 4GiB
2026-09-27T10:30:33.828Z,ss2,58.46%,2.765GiB / 4GiB
2026-09-27T10:30:33.828Z,is-provider,0.38%,10.47MiB / 256MiB
2026-09-27T10:30:34.328Z,cs,0.78%,1.385GiB / 2GiB
2026-09-27T10:30:34.328Z,ss1,64.87%,2.703GiB / 4GiB
2026-09-27T10:30:34.328Z,ss2,58.46%,2.765GiB / 4GiB
2026-09-27T10:30:34.328Z,is-provider,0.38%,10.47MiB / 256MiB
2026-09-27T10:30:34.827Z,cs,0.78%,1.385GiB / 2GiB
2026-09-27T10:30:34.827Z,ss1,64.87%,2.703GiB / 4GiB
2026-09-27T10:30:34.827Z,ss2,58.46%,2.765GiB / 4GiB
2026-09-27T10:30:34.827Z,is-provider,0.38%,10.47MiB / 256MiB
2026-09-27T10:30:35.328Z,cs,1.22%,1.386GiB / 2GiB
2026-09-27T10:30:35.328Z,ss1,57.26%,2.703GiB / 4GiB
2026-09-27T10:30:35.328Z,ss2,79.04%,2.765GiB / 4GiB
2026-09-27T10:30:35.328Z,is-provider,2.79%,10.45MiB / 256MiB
2026-09-27T10:30:35.827Z,cs,1.22%,1.386GiB / 2GiB
2026-09-27T10:30:35.827Z,ss1,57.26%,2.703GiB / 4GiB
2026-09-27T10:30:35.827Z,ss2,79.04%,2.765GiB / 4GiB
2026-09-27T10:30:35.827Z,is-provider,2.79%,10.45MiB / 256MiB
2026-09-27T10:30:36.328Z,cs,0.68%,1.386GiB / 2GiB
2026-09-27T10:30:36.328Z,ss1,67.54%,2.703GiB / 4GiB
2026-09-27T10:30:36.328Z,ss2,56.41%,2.765GiB / 4GiB
2026-09-27T10:30:36.328Z,is-provider,0.37%,10.24MiB / 256MiB
2026-09-27T10:30:36.828Z,cs,0.68%,1.386GiB / 2GiB
2026-09-27T10:30:36.828Z,ss1,67.54%,2.703GiB / 4GiB
2026-09-27T10:30:36.828Z,ss2,56.41%,2.765GiB / 4GiB
2026-09-27T10:30:36.828Z,is-provider,0.37%,10.24MiB / 256MiB
