2026-09-27T09:27:33.831Z,cs,1.09%,1.388GiB / 2GiB
2026-09-27T09:27:33.831Z,ss1,61.62%,2.382GiB / 4GiB
2026-09-27T09:27:33.831Z,ss2,63.48%,2.445GiB / 4GiB
2026-09-27T09:27:33.831Z,is-provider,1.08%,9.492MiB / 256MiB
2026-09-27T09:27:34.330Z,cs,1.09%,1.388GiB / 2GiB
2026-09-27T09:27:34.330Z,ss1,61.62%,2.382GiB / 4GiB
2026-09-27T09:27:34.330Z,ss2,63.48%,2.445GiB / 4GiB
2026-09-27T09:27:34.330Z,is-provider,1.08%,9.492MiB / 256MiB
2026-09-27T09:27:34.830Z,cs,1.37%,1.388GiB / 2GiB
2026-09-27T09:27:34.830Z,ss1,42.82%,2.383GiB / 4GiB
2026-09-27T09:27:34.830Z,ss2,37.87%,2.445GiB / 4GiB
2026-09-27T09:27:34.830Z,is-provider,0.55%,9.289MiB / 256MiB
2026-09-27T09:27:35.330Z,cs,1.37%,1.388GiB / 2GiB
2026-09-27T09:27:35.330Z,ss1,42.82%,2.383GiB / 4GiB
2026-09-27T09:27:35.330Z,ss2,37.87%,2.445GiB / 4GiB
2026-09-27T09:27:35.330Z,is-provider,0.55%,9.289MiB / 256MiB
2026-09-27T09:27:35.830Z,cs,0.72%,1.388GiB / 2GiB
2026-09-27T09:27:35.830Z,ss1,52.99%,2.383GiB / 4GiB
2026-09-27T09:27:35.830Z,ss2,39.34%,2.446GiB / 4GiB
2026-09-27T09:27:35.830Z,is-provider,3.59%,10.71MiB / 256MiB
2026-09-27T09:27:36.330Z,cs,0.72%,1.388GiB / 2GiB
2026-09-27T09:27:36.330Z,ss1,52.99%,2.383GiB / 4GiB
2026-09-27T09:27:36.330Z,ss2,39.34%,2.446GiB / 4GiB
2026-09-27T09:27:36.330Z,is-provider,3.59%,10.71MiB / 256MiB
2026-09-27T09:27:36.830Z,cs,3.26%,1.389GiB / 2GiB
2026-09-27T09:27:36.830Z,ss1,47.01%,2.384GiB / 4GiB
2026-09-27T09:27:36.830Z,ss2,43.40%,2.447GiB / 4GiB
2026-09-27T09:27:36.830Z,is-provider,0.59%,9.609MiB / 256MiB
2026-09-27T09:27:37.330Z,cs,3.26%,1.389GiB / 2GiB
2026-09-27T09:27:37.330Z,ss1,47.01%,2.384GiB / 4GiB
2026-09-27T09:27:37.330Z,ss2,43.40%,2.447GiB / 4GiB
2026-09-27T09:27:37.330Z,is-provider,0.59%,9.609MiB / 256MiB
2026-09-27T09:27:37.830Z,cs,0.69%,1.389GiB / 2GiB
2026-09-27T09:27:37.830Z,ss1,33.48%,2.384GiB / 4GiB
2026-09-27T09:27:37.830Z,ss2,67.85%,2.449GiB / 4GiB
2026-09-27T09:27:37.830Z,is-provider,0.52%,9.242MiB / 256MiB
2026-09-27T09:27:38.330Z,cs,0.69%,1.389GiB / 2GiB
2026-09-27T09:27:38.330Z,ss1,33.48%,2.384GiB / 4GiB
2026-09-27T09:27:38.330Z,ss2,67.85%,2.449GiB / 4GiB
2026-09-27T09:27:38.330Z,is-provider,0.52%,9.242MiB / 256MiB
2026-09-27T09:27:38.830Z,cs,0.68%,1.388GiB / 2GiB
2026-09-27T09:27:38.830Z,ss1,65.69%,2.388GiB / 4GiB
2026-09-27T09:27:38.830Z,ss2,52.87%,2.45GiB / 4GiB
2026-09-27T09:27:38.830Z,is-provider,0.57%,9.691MiB / 256MiB
2026-09-27T09:27:39.330Z,cs,0.68%,1.388GiB / 2GiB
2026-09-27T09:27:39.330Z,ss1,65.69%,2.388GiB / 4GiB
2026-09-27T09:27:39.330Z,ss2,52.87%,2.45GiB / 4GiB
2026-09-27T09:27:39.330Z,is-provider,0.57%,9.691MiB / 256MiB
2026-09-27T09:27:39.830Z,cs,0.85%,1.388GiB / 2GiB
2026-09-27T09:27:39.830Z,ss1,94.75%,2.387GiB / 4GiB
2026-09-27T09:27:39.830Z,ss2,118.32%,2.45GiB / 4GiB
2026-09-27T09:27:39.830Z,is-provider,0.51%,10.29MiB / 256MiB
2026-09-27T09:27:40.330Z,cs,0.85%,1.388GiB / 2GiB
2026-09-27T09:27:40.330Z,ss1,94.75%,2.387GiB / 4GiB
2026-09-27T09:27:40.330Z,ss2,118.32%,2.45GiB / 4GiB
2026-09-27T09:27:40.330Z,is-provider,0.51%,10.29MiB / 256MiB
2026-09-27T09:27:40.830Z,cs,0.93%,1.388GiB / 2GiB
2026-09-27T09:27:40.830Z,ss1,116.11%,2.387GiB / 4GiB
2026-09-27T09:27:40.830Z,ss2,80.40%,2.451GiB / 4GiB
2026-09-27T09:27:40.830Z,is-provider,4.69%,10.07MiB / 256MiB
2026-09-27T09:27:41.330Z,cs,0.93%,1.388GiB / 2GiB
2026-09-27T09:27:41.330Z,ss1,116.11%,2.387GiB / 4GiB
2026-09-27T09:27:41.330Z,ss2,80.40%,2.451GiB / 4GiB
2026-09-27T09:27:41.330Z,is-provider,4.69%,10.07MiB / 256MiB
2026-09-27T09:27:41.830Z,cs,0.85%,1.388GiB / 2GiB
2026-09-27T09:27:41.830Z,ss1,71.80%,2.388GiB / 4GiB
2026-09-27T09:27:41.830Z,ss2,75.87%,2.453GiB / 4GiB
2026-09-27T09:27:41.830Z,is-provider,0.52%,10.48MiB / 256MiB
2026-09-27T09:27:42.330Z,cs,0.85%,1.388GiB / 2GiB
2026-09-27T09:27:42.330Z,ss1,71.80%,2.388GiB / 4GiB
2026-09-27T09:27:42.330Z,ss2,75.87%,2.453GiB / 4GiB
2026-09-27T09:27:42.330Z,is-provider,0.52%,10.48MiB / 256MiB
2026-09-27T09:27:42.830Z,cs,50.60%,1.389GiB / 2GiB
2026-09-27T09:27:42.830Z,ss1,33.36%,2.388GiB / 4GiB
2026-09-27T09:27:42.830Z,ss2,154.58%,2.454GiB / 4GiB
2026-09-27T09:27:42.830Z,is-provider,0.50%,10.3MiB / 256MiB
2026-09-27T09:27:43.330Z,cs,50.60%,1.389GiB / 2GiB
2026-09-27T09:27:43.330Z,ss1,33.36%,2.388GiB / 4GiB
2026-09-27T09:27:43.330Z,ss2,154.58%,2.454GiB / 4GiB
2026-09-27T09:27:43.330Z,is-provider,0.50%,10.3MiB / 256MiB
2026-09-27T09:27:43.830Z,cs,0.72%,1.388GiB / 2GiB
2026-09-27T09:27:43.830Z,ss1,37.41%,2.39GiB / 4GiB
2026-09-27T09:27:43.830Z,ss2,107.26%,2.454GiB / 4GiB
2026-09-27T09:27:43.830Z,is-provider,0.49%,10.24MiB / 256MiB
2026-09-27T09:27:44.330Z,cs,0.72%,1.388GiB / 2GiB
2026-09-27T09:27:44.330Z,ss1,37.41%,2.39GiB / 4GiB
2026-09-27T09:27:44.330Z,ss2,107.26%,2.454GiB / 4GiB
2026-09-27T09:27:44.330Z,is-provider,0.49%,10.24MiB / 256MiB
2026-09-27T09:27:44.830Z,cs,0.81%,1.388GiB / 2GiB
2026-09-27T09:27:44.830Z,ss1,34.99%,2.391GiB / 4GiB
2026-09-27T09:27:44.830Z,ss2,92.68%,2.455GiB / 4GiB
2026-09-27T09:27:44.830Z,is-provider,0.45%,10.25MiB / 256MiB
2026-09-27T09:27:45.330Z,cs,0.81%,1.388GiB / 2GiB
2026-09-27T09:27:45.330Z,ss1,34.99%,2.391GiB / 4GiB
2026-09-27T09:27:45.330Z,ss2,92.68%,2.455GiB / 4GiB
2026-09-27T09:27:45.330Z,is-provider,0.45%,10.25MiB / 256MiB
2026-09-27T09:27:45.830Z,cs,0.69%,1.388GiB / 2GiB
2026-09-27T09:27:45.830Z,ss1,39.63%,2.391GiB / 4GiB
2026-09-27T09:27:45.830Z,ss2,87.03%,2.455GiB / 4GiB
2026-09-27T09:27:45.830Z,is-provider,3.22%,10.48MiB / 256MiB
2026-09-27T09:27:46.330Z,cs,0.69%,1.388GiB / 2GiB
2026-09-27T09:27:46.330Z,ss1,39.63%,2.391GiB / 4GiB
2026-09-27T09:27:46.330Z,ss2,87.03%,2.455GiB / 4GiB
2026-09-27T09:27:46.330Z,is-provider,3.22%,10.48MiB / 256MiB
2026-09-27T09:27:46.830Z,cs,3.82%,1.389GiB / 2GiB
2026-09-27T09:27:46.830Z,ss1,34.62%,2.392GiB / 4GiB
2026-09-27T09:27:46.830Z,ss2,86.50%,2.456GiB / 4GiB
2026-09-27T09:27:46.830Z,is-provider,0.43%,9.703MiB / 256MiB
2026-09-27T09:27:47.330Z,cs,3.82%,1.389GiB / 2GiB
2026-09-27T09:27:47.330Z,ss1,34.62%,2.392GiB / 4GiB
2026-09-27T09:27:47.330Z,ss2,86.50%,2.456GiB / 4GiB
2026-09-27T09:27:47.330Z,is-provider,0.43%,9.703MiB / 256MiB
2026-09-27T09:27:47.830Z,cs,0.65%,1.388GiB / 2GiB
2026-09-27T09:27:47.830Z,ss1,39.45%,2.393GiB / 4GiB
2026-09-27T09:27:47.830Z,ss2,81.76%,2.456GiB / 4GiB
2026-09-27T09:27:47.830Z,is-provider,0.35%,9.66MiB / 256MiB
2026-09-27T09:27:48.330Z,cs,0.65%,1.388GiB / 2GiB
2026-09-27T09:27:48.330Z,ss1,39.45%,2.393GiB / 4GiB
2026-09-27T09:27:48.330Z,ss2,81.76%,2.456GiB / 4GiB
2026-09-27T09:27:48.330Z,is-provider,0.35%,9.66MiB / 256MiB
2026-09-27T09:27:48.830Z,cs,2.57%,1.388GiB / 2GiB
2026-09-27T09:27:48.830Z,ss1,38.64%,2.392GiB / 4GiB
2026-09-27T09:27:48.830Z,ss2,89.21%,2.455GiB / 4GiB
2026-09-27T09:27:48.830Z,is-provider,0.50%,9.949MiB / 256MiB
2026-09-27T09:27:49.330Z,cs,2.57%,1.388GiB / 2GiB
2026-09-27T09:27:49.330Z,ss1,38.64%,2.392GiB / 4GiB
2026-09-27T09:27:49.330Z,ss2,89.21%,2.455GiB / 4GiB
2026-09-27T09:27:49.330Z,is-provider,0.50%,9.949MiB / 256MiB
2026-09-27T09:27:49.830Z,cs,0.87%,1.388GiB / 2GiB
2026-09-27T09:27:49.830Z,ss1,35.90%,2.393GiB / 4GiB
2026-09-27T09:27:49.830Z,ss2,97.10%,2.457GiB / 4GiB
2026-09-27T09:27:49.830Z,is-provider,0.55%,10.04MiB / 256MiB
2026-09-27T09:27:50.330Z,cs,0.87%,1.388GiB / 2GiB
2026-09-27T09:27:50.330Z,ss1,35.90%,2.393GiB / 4GiB
2026-09-27T09:27:50.330Z,ss2,97.10%,2.457GiB / 4GiB
2026-09-27T09:27:50.330Z,is-provider,0.55%,10.04MiB / 256MiB
2026-09-27T09:27:50.830Z,cs,0.74%,1.388GiB / 2GiB
2026-09-27T09:27:50.830Z,ss1,36.89%,2.393GiB / 4GiB
2026-09-27T09:27:50.830Z,ss2,81.57%,2.456GiB / 4GiB
2026-09-27T09:27:50.830Z,is-provider,3.49%,10.4MiB / 256MiB
2026-09-27T09:27:51.330Z,cs,0.74%,1.388GiB / 2GiB
2026-09-27T09:27:51.330Z,ss1,36.89%,2.393GiB / 4GiB
2026-09-27T09:27:51.330Z,ss2,81.57%,2.456GiB / 4GiB
2026-09-27T09:27:51.330Z,is-provider,3.49%,10.4MiB / 256MiB
2026-09-27T09:27:51.830Z,cs,0.68%,1.388GiB / 2GiB
2026-09-27T09:27:51.830Z,ss1,35.01%,2.393GiB / 4GiB
2026-09-27T09:27:51.830Z,ss2,86.88%,2.457GiB / 4GiB
2026-09-27T09:27:51.830Z,is-provider,0.47%,10.94MiB / 256MiB
2026-09-27T09:27:52.330Z,cs,0.68%,1.388GiB / 2GiB
2026-09-27T09:27:52.330Z,ss1,35.01%,2.393GiB / 4GiB
2026-09-27T09:27:52.330Z,ss2,86.88%,2.457GiB / 4GiB
2026-09-27T09:27:52.330Z,is-provider,0.47%,10.94MiB / 256MiB
2026-09-27T09:27:52.830Z,cs,53.95%,1.389GiB / 2GiB
2026-09-27T09:27:52.830Z,ss1,48.01%,2.394GiB / 4GiB
2026-09-27T09:27:52.830Z,ss2,81.96%,2.458GiB / 4GiB
2026-09-27T09:27:52.830Z,is-provider,0.51%,9.812MiB / 256MiB
2026-09-27T09:27:53.330Z,cs,53.95%,1.389GiB / 2GiB
2026-09-27T09:27:53.330Z,ss1,48.01%,2.394GiB / 4GiB
2026-09-27T09:27:53.330Z,ss2,81.96%,2.458GiB / 4GiB
2026-09-27T09:27:53.330Z,is-provider,0.51%,9.812MiB / 256MiB
2026-09-27T09:27:53.830Z,cs,1.22%,1.388GiB / 2GiB
2026-09-27T09:27:53.830Z,ss1,36.32%,2.395GiB / 4GiB
2026-09-27T09:27:53.830Z,ss2,95.01%,2.457GiB / 4GiB
2026-09-27T09:27:53.830Z,is-provider,0.45%,9.957MiB / 256MiB
2026-09-27T09:27:54.330Z,cs,1.22%,1.388GiB / 2GiB
2026-09-27T09:27:54.330Z,ss1,36.32%,2.395GiB / 4GiB
2026-09-27T09:27:54.330Z,ss2,95.01%,2.457GiB / 4GiB
2026-09-27T09:27:54.330Z,is-provider,0.45%,9.957MiB / 256MiB
2026-09-27T09:27:54.830Z,cs,0.74%,1.388GiB / 2GiB
2026-09-27T09:27:54.830Z,ss1,37.60%,2.398GiB / 4GiB
2026-09-27T09:27:54.830Z,ss2,92.64%,2.461GiB / 4GiB
2026-09-27T09:27:54.830Z,is-provider,0.46%,10.34MiB / 256MiB
2026-09-27T09:27:55.330Z,cs,0.74%,1.388GiB / 2GiB
2026-09-27T09:27:55.330Z,ss1,37.60%,2.398GiB / 4GiB
2026-09-27T09:27:55.330Z,ss2,92.64%,2.461GiB / 4GiB
2026-09-27T09:27:55.330Z,is-provider,0.46%,10.34MiB / 256MiB
2026-09-27T09:27:55.830Z,cs,0.74%,1.388GiB / 2GiB
2026-09-27T09:27:55.830Z,ss1,44.04%,2.398GiB / 4GiB
2026-09-27T09:27:55.830Z,ss2,106.00%,2.556GiB / 4GiB
2026-09-27T09:27:55.830Z,is-provider,3.36%,9.863MiB / 256MiB
2026-09-27T09:27:56.330Z,cs,0.74%,1.388GiB / 2GiB
2026-09-27T09:27:56.330Z,ss1,44.04%,2.398GiB / 4GiB
2026-09-27T09:27:56.330Z,ss2,106.00%,2.556GiB / 4GiB
2026-09-27T09:27:56.330Z,is-provider,3.36%,9.863MiB / 256MiB
2026-09-27T09:27:56.830Z,cs,3.22%,1.388GiB / 2GiB
2026-09-27T09:27:56.830Z,ss1,65.34%,2.439GiB / 4GiB
2026-09-27T09:27:56.830Z,ss2,108.16%,2.498GiB / 4GiB
2026-09-27T09:27:56.830Z,is-provider,0.40%,10.11MiB / 256MiB
2026-09-27T09:27:57.330Z,cs,3.22%,1.388GiB / 2GiB
2026-09-27T09:27:57.330Z,ss1,65.34%,2.439GiB / 4GiB
2026-09-27T09:27:57.330Z,ss2,108.16%,2.498GiB / 4GiB
2026-09-27T09:27:57.330Z,is-provider,0.40%,10.11MiB / 256MiB
2026-09-27T09:27:57.830Z,cs,0.75%,1.388GiB / 2GiB
2026-09-27T09:27:57.830Z,ss1,34.71%,2.436GiB / 4GiB
2026-09-27T09:27:57.830Z,ss2,90.31%,2.498GiB / 4GiB
2026-09-27T09:27:57.830Z,is-provider,0.58%,10.14MiB / 256MiB
2026-09-27T09:27:58.330Z,cs,0.75%,1.388GiB / 2GiB
2026-09-27T09:27:58.330Z,ss1,34.71%,2.436GiB / 4GiB
2026-09-27T09:27:58.330Z,ss2,90.31%,2.498GiB / 4GiB
2026-09-27T09:27:58.330Z,is-provider,0.58%,10.14MiB / 256MiB
2026-09-27T09:27:58.830Z,cs,0.72%,1.387GiB / 2GiB
2026-09-27T09:27:58.830Z,ss1,41.66%,2.437GiB / 4GiB
2026-09-27T09:27:58.830Z,ss2,93.32%,2.498GiB / 4GiB
2026-09-27T09:27:58.830Z,is-provider,0.44%,10.21MiB / 256MiB
2026-09-27T09:27:59.330Z,cs,0.72%,1.387GiB / 2GiB
2026-09-27T09:27:59.330Z,ss1,41.66%,2.437GiB / 4GiB
2026-09-27T09:27:59.330Z,ss2,93.32%,2.498GiB / 4GiB
2026-09-27T09:27:59.330Z,is-provider,0.44%,10.21MiB / 256MiB
2026-09-27T09:27:59.830Z,cs,0.82%,1.388GiB / 2GiB
2026-09-27T09:27:59.830Z,ss1,42.33%,2.438GiB / 4GiB
2026-09-27T09:27:59.830Z,ss2,97.14%,2.499GiB / 4GiB
2026-09-27T09:27:59.830Z,is-provider,0.48%,9.719MiB / 256MiB
2026-09-27T09:28:00.330Z,cs,0.82%,1.388GiB / 2GiB
2026-09-27T09:28:00.330Z,ss1,42.33%,2.438GiB / 4GiB
2026-09-27T09:28:00.330Z,ss2,97.14%,2.499GiB / 4GiB
2026-09-27T09:28:00.330Z,is-provider,0.48%,9.719MiB / 256MiB
2026-09-27T09:28:00.830Z,cs,0.75%,1.388GiB / 2GiB
2026-09-27T09:28:00.830Z,ss1,36.86%,2.438GiB / 4GiB
2026-09-27T09:28:00.830Z,ss2,93.30%,2.499GiB / 4GiB
2026-09-27T09:28:00.830Z,is-provider,3.49%,10.63MiB / 256MiB
2026-09-27T09:28:01.330Z,cs,0.75%,1.388GiB / 2GiB
2026-09-27T09:28:01.330Z,ss1,36.86%,2.438GiB / 4GiB
2026-09-27T09:28:01.330Z,ss2,93.30%,2.499GiB / 4GiB
2026-09-27T09:28:01.330Z,is-provider,3.49%,10.63MiB / 256MiB
2026-09-27T09:28:01.830Z,cs,0.79%,1.388GiB / 2GiB
2026-09-27T09:28:01.830Z,ss1,35.33%,2.438GiB / 4GiB
2026-09-27T09:28:01.830Z,ss2,79.36%,2.5GiB / 4GiB
2026-09-27T09:28:01.830Z,is-provider,0.45%,10.6MiB / 256MiB
2026-09-27T09:28:02.330Z,cs,0.79%,1.388GiB / 2GiB
2026-09-27T09:28:02.330Z,ss1,35.33%,2.438GiB / 4GiB
2026-09-27T09:28:02.330Z,ss2,79.36%,2.5GiB / 4GiB
2026-09-27T09:28:02.330Z,is-provider,0.45%,10.6MiB / 256MiB
2026-09-27T09:28:02.830Z,cs,29.55%,1.388GiB / 2GiB
2026-09-27T09:28:02.830Z,ss1,35.52%,2.438GiB / 4GiB
2026-09-27T09:28:02.830Z,ss2,90.26%,2.5GiB / 4GiB
2026-09-27T09:28:02.830Z,is-provider,0.39%,9.957MiB / 256MiB
2026-09-27T09:28:03.330Z,cs,29.55%,1.388GiB / 2GiB
2026-09-27T09:28:03.330Z,ss1,35.52%,2.438GiB / 4GiB
2026-09-27T09:28:03.330Z,ss2,90.26%,2.5GiB / 4GiB
2026-09-27T09:28:03.330Z,is-provider,0.39%,9.957MiB / 256MiB
2026-09-27T09:28:03.830Z,cs,0.93%,1.388GiB / 2GiB
2026-09-27T09:28:03.830Z,ss1,34.67%,2.438GiB / 4GiB
2026-09-27T09:28:03.830Z,ss2,89.43%,2.5GiB / 4GiB
2026-09-27T09:28:03.830Z,is-provider,0.43%,9.934MiB / 256MiB
2026-09-27T09:28:04.330Z,cs,0.93%,1.388GiB / 2GiB
2026-09-27T09:28:04.330Z,ss1,34.67%,2.438GiB / 4GiB
2026-09-27T09:28:04.330Z,ss2,89.43%,2.5GiB / 4GiB
2026-09-27T09:28:04.330Z,is-provider,0.43%,9.934MiB / 256MiB
2026-09-27T09:28:04.830Z,cs,0.78%,1.388GiB / 2GiB
2026-09-27T09:28:04.830Z,ss1,37.57%,2.44GiB / 4GiB
2026-09-27T09:28:04.830Z,ss2,90.69%,2.501GiB / 4GiB
2026-09-27T09:28:04.830Z,is-provider,0.49%,9.941MiB / 256MiB
2026-09-27T09:28:05.330Z,cs,0.78%,1.388GiB / 2GiB
2026-09-27T09:28:05.330Z,ss1,37.57%,2.44GiB / 4GiB
2026-09-27T09:28:05.330Z,ss2,90.69%,2.501GiB / 4GiB
2026-09-27T09:28:05.330Z,is-provider,0.49%,9.941MiB / 256MiB
2026-09-27T09:28:05.830Z,cs,0.69%,1.388GiB / 2GiB
2026-09-27T09:28:05.830Z,ss1,36.99%,2.438GiB / 4GiB
2026-09-27T09:28:05.830Z,ss2,88.90%,2.501GiB / 4GiB
2026-09-27T09:28:05.830Z,is-provider,3.15%,9.98MiB / 256MiB
2026-09-27T09:28:06.330Z,cs,0.69%,1.388GiB / 2GiB
2026-09-27T09:28:06.330Z,ss1,36.99%,2.438GiB / 4GiB
2026-09-27T09:28:06.330Z,ss2,88.90%,2.501GiB / 4GiB
2026-09-27T09:28:06.330Z,is-provider,3.15%,9.98MiB / 256MiB
2026-09-27T09:28:06.830Z,cs,3.93%,1.388GiB / 2GiB
2026-09-27T09:28:06.830Z,ss1,36.99%,2.438GiB / 4GiB
2026-09-27T09:28:06.830Z,ss2,88.90%,2.501GiB / 4GiB
2026-09-27T09:28:06.830Z,is-provider,0.51%,9.488MiB / 256MiB
2026-09-27T09:28:07.330Z,cs,3.93%,1.388GiB / 2GiB
2026-09-27T09:28:07.330Z,ss1,51.39%,2.439GiB / 4GiB
2026-09-27T09:28:07.330Z,ss2,90.43%,2.501GiB / 4GiB
2026-09-27T09:28:07.330Z,is-provider,0.51%,9.488MiB / 256MiB
2026-09-27T09:28:07.830Z,cs,3.93%,1.388GiB / 2GiB
2026-09-27T09:28:07.830Z,ss1,51.39%,2.439GiB / 4GiB
2026-09-27T09:28:07.830Z,ss2,90.43%,2.501GiB / 4GiB
2026-09-27T09:28:07.830Z,is-provider,0.51%,9.488MiB / 256MiB
2026-09-27T09:28:08.330Z,cs,0.71%,1.388GiB / 2GiB
2026-09-27T09:28:08.330Z,ss1,37.91%,2.44GiB / 4GiB
2026-09-27T09:28:08.330Z,ss2,85.41%,2.502GiB / 4GiB
2026-09-27T09:28:08.330Z,is-provider,0.47%,9.66MiB / 256MiB
2026-09-27T09:28:08.830Z,cs,0.71%,1.388GiB / 2GiB
2026-09-27T09:28:08.830Z,ss1,37.91%,2.44GiB / 4GiB
2026-09-27T09:28:08.830Z,ss2,85.41%,2.502GiB / 4GiB
2026-09-27T09:28:08.830Z,is-provider,0.47%,9.66MiB / 256MiB
2026-09-27T09:28:09.330Z,cs,0.77%,1.388GiB / 2GiB
2026-09-27T09:28:09.330Z,ss1,35.85%,2.44GiB / 4GiB
2026-09-27T09:28:09.330Z,ss2,92.53%,2.502GiB / 4GiB
2026-09-27T09:28:09.330Z,is-provider,0.46%,9.699MiB / 256MiB
2026-09-27T09:28:09.830Z,cs,0.77%,1.388GiB / 2GiB
2026-09-27T09:28:09.830Z,ss1,35.85%,2.44GiB / 4GiB
2026-09-27T09:28:09.830Z,ss2,92.53%,2.502GiB / 4GiB
2026-09-27T09:28:09.830Z,is-provider,0.46%,9.699MiB / 256MiB
2026-09-27T09:28:10.330Z,cs,0.74%,1.388GiB / 2GiB
2026-09-27T09:28:10.330Z,ss1,35.54%,2.44GiB / 4GiB
2026-09-27T09:28:10.330Z,ss2,93.51%,2.502GiB / 4GiB
2026-09-27T09:28:10.330Z,is-provider,0.51%,9.594MiB / 256MiB
2026-09-27T09:28:10.830Z,cs,0.74%,1.388GiB / 2GiB
2026-09-27T09:28:10.830Z,ss1,35.54%,2.44GiB / 4GiB
2026-09-27T09:28:10.830Z,ss2,93.51%,2.502GiB / 4GiB
2026-09-27T09:28:10.830Z,is-provider,0.51%,9.594MiB / 256MiB
2026-09-27T09:28:11.330Z,cs,0.75%,1.388GiB / 2GiB
2026-09-27T09:28:11.330Z,ss1,35.62%,2.441GiB / 4GiB
2026-09-27T09:28:11.330Z,ss2,89.38%,2.503GiB / 4GiB
2026-09-27T09:28:11.330Z,is-provider,3.90%,9.605MiB / 256MiB
2026-09-27T09:28:11.830Z,cs,0.75%,1.388GiB / 2GiB
2026-09-27T09:28:11.830Z,ss1,35.62%,2.441GiB / 4GiB
2026-09-27T09:28:11.830Z,ss2,89.38%,2.503GiB / 4GiB
2026-09-27T09:28:11.830Z,is-provider,3.90%,9.605MiB / 256MiB
2026-09-27T09:28:12.330Z,cs,0.71%,1.388GiB / 2GiB
2026-09-27T09:28:12.330Z,ss1,35.64%,2.441GiB / 4GiB
2026-09-27T09:28:12.330Z,ss2,90.33%,2.503GiB / 4GiB
2026-09-27T09:28:12.330Z,is-provider,0.46%,10.12MiB / 256MiB
2026-09-27T09:28:12.830Z,cs,0.71%,1.388GiB / 2GiB
2026-09-27T09:28:12.830Z,ss1,35.64%,2.441GiB / 4GiB
2026-09-27T09:28:12.830Z,ss2,90.33%,2.503GiB / 4GiB
2026-09-27T09:28:12.830Z,is-provider,0.46%,10.12MiB / 256MiB
2026-09-27T09:28:13.331Z,cs,25.62%,1.389GiB / 2GiB
2026-09-27T09:28:13.331Z,ss1,37.50%,2.442GiB / 4GiB
2026-09-27T09:28:13.331Z,ss2,96.61%,2.503GiB / 4GiB
2026-09-27T09:28:13.331Z,is-provider,0.46%,9.84MiB / 256MiB
2026-09-27T09:28:13.830Z,cs,25.62%,1.389GiB / 2GiB
2026-09-27T09:28:13.830Z,ss1,37.50%,2.442GiB / 4GiB
2026-09-27T09:28:13.830Z,ss2,96.61%,2.503GiB / 4GiB
2026-09-27T09:28:13.830Z,is-provider,0.46%,9.84MiB / 256MiB
2026-09-27T09:28:14.330Z,cs,1.54%,1.389GiB / 2GiB
2026-09-27T09:28:14.330Z,ss1,34.85%,2.442GiB / 4GiB
2026-09-27T09:28:14.330Z,ss2,83.61%,2.504GiB / 4GiB
2026-09-27T09:28:14.330Z,is-provider,0.48%,9.969MiB / 256MiB
2026-09-27T09:28:14.830Z,cs,1.54%,1.389GiB / 2GiB
2026-09-27T09:28:14.830Z,ss1,34.85%,2.442GiB / 4GiB
2026-09-27T09:28:14.830Z,ss2,83.61%,2.504GiB / 4GiB
2026-09-27T09:28:14.830Z,is-provider,0.48%,9.969MiB / 256MiB
2026-09-27T09:28:15.330Z,cs,0.74%,1.389GiB / 2GiB
2026-09-27T09:28:15.330Z,ss1,36.39%,2.442GiB / 4GiB
2026-09-27T09:28:15.330Z,ss2,89.41%,2.504GiB / 4GiB
2026-09-27T09:28:15.330Z,is-provider,0.44%,9.836MiB / 256MiB
2026-09-27T09:28:15.830Z,cs,0.74%,1.389GiB / 2GiB
2026-09-27T09:28:15.830Z,ss1,36.39%,2.442GiB / 4GiB
2026-09-27T09:28:15.830Z,ss2,89.41%,2.504GiB / 4GiB
2026-09-27T09:28:15.830Z,is-provider,0.44%,9.836MiB / 256MiB
2026-09-27T09:28:16.330Z,cs,3.77%,1.389GiB / 2GiB
2026-09-27T09:28:16.330Z,ss1,35.05%,2.444GiB / 4GiB
2026-09-27T09:28:16.330Z,ss2,93.84%,2.504GiB / 4GiB
2026-09-27T09:28:16.330Z,is-provider,3.37%,9.668MiB / 256MiB
2026-09-27T09:28:16.830Z,cs,3.77%,1.389GiB / 2GiB
2026-09-27T09:28:16.830Z,ss1,35.05%,2.444GiB / 4GiB
2026-09-27T09:28:16.830Z,ss2,93.84%,2.504GiB / 4GiB
2026-09-27T09:28:16.830Z,is-provider,3.37%,9.668MiB / 256MiB
2026-09-27T09:28:17.330Z,cs,0.65%,1.388GiB / 2GiB
2026-09-27T09:28:17.330Z,ss1,34.55%,2.443GiB / 4GiB
2026-09-27T09:28:17.330Z,ss2,87.09%,2.505GiB / 4GiB
2026-09-27T09:28:17.330Z,is-provider,0.46%,9.934MiB / 256MiB
2026-09-27T09:28:17.830Z,cs,0.65%,1.388GiB / 2GiB
2026-09-27T09:28:17.830Z,ss1,34.55%,2.443GiB / 4GiB
2026-09-27T09:28:17.830Z,ss2,87.09%,2.505GiB / 4GiB
2026-09-27T09:28:17.830Z,is-provider,0.46%,9.934MiB / 256MiB
2026-09-27T09:28:18.330Z,cs,0.68%,1.388GiB / 2GiB
2026-09-27T09:28:18.330Z,ss1,35.96%,2.445GiB / 4GiB
2026-09-27T09:28:18.330Z,ss2,92.62%,2.505GiB / 4GiB
2026-09-27T09:28:18.330Z,is-provider,0.49%,9.734MiB / 256MiB
2026-09-27T09:28:18.830Z,cs,0.68%,1.388GiB / 2GiB
2026-09-27T09:28:18.830Z,ss1,35.96%,2.445GiB / 4GiB
2026-09-27T09:28:18.830Z,ss2,92.62%,2.505GiB / 4GiB
2026-09-27T09:28:18.830Z,is-provider,0.49%,9.734MiB / 256MiB
2026-09-27T09:28:19.330Z,cs,0.72%,1.388GiB / 2GiB
2026-09-27T09:28:19.330Z,ss1,46.97%,2.443GiB / 4GiB
2026-09-27T09:28:19.330Z,ss2,85.09%,2.506GiB / 4GiB
2026-09-27T09:28:19.330Z,is-provider,0.42%,9.691MiB / 256MiB
2026-09-27T09:28:19.830Z,cs,0.72%,1.388GiB / 2GiB
2026-09-27T09:28:19.830Z,ss1,46.97%,2.443GiB / 4GiB
2026-09-27T09:28:19.830Z,ss2,85.09%,2.506GiB / 4GiB
2026-09-27T09:28:19.830Z,is-provider,0.42%,9.691MiB / 256MiB
2026-09-27T09:28:20.330Z,cs,0.77%,1.388GiB / 2GiB
2026-09-27T09:28:20.330Z,ss1,36.46%,2.444GiB / 4GiB
2026-09-27T09:28:20.330Z,ss2,90.33%,2.506GiB / 4GiB
2026-09-27T09:28:20.330Z,is-provider,0.44%,9.445MiB / 256MiB
2026-09-27T09:28:20.830Z,cs,0.77%,1.388GiB / 2GiB
2026-09-27T09:28:20.830Z,ss1,36.46%,2.444GiB / 4GiB
2026-09-27T09:28:20.830Z,ss2,90.33%,2.506GiB / 4GiB
2026-09-27T09:28:20.830Z,is-provider,0.44%,9.445MiB / 256MiB
2026-09-27T09:28:21.330Z,cs,7.65%,1.383GiB / 2GiB
2026-09-27T09:28:21.330Z,ss1,37.16%,2.445GiB / 4GiB
2026-09-27T09:28:21.330Z,ss2,83.19%,2.506GiB / 4GiB
2026-09-27T09:28:21.330Z,is-provider,3.67%,9.879MiB / 256MiB
2026-09-27T09:28:21.830Z,cs,7.65%,1.383GiB / 2GiB
2026-09-27T09:28:21.830Z,ss1,37.16%,2.445GiB / 4GiB
2026-09-27T09:28:21.830Z,ss2,83.19%,2.506GiB / 4GiB
2026-09-27T09:28:21.830Z,is-provider,3.67%,9.879MiB / 256MiB
2026-09-27T09:28:22.330Z,cs,15.37%,1.386GiB / 2GiB
2026-09-27T09:28:22.330Z,ss1,39.10%,2.445GiB / 4GiB
2026-09-27T09:28:22.330Z,ss2,97.77%,2.507GiB / 4GiB
2026-09-27T09:28:22.330Z,is-provider,0.49%,10.15MiB / 256MiB
2026-09-27T09:28:22.830Z,cs,15.37%,1.386GiB / 2GiB
2026-09-27T09:28:22.830Z,ss1,39.10%,2.445GiB / 4GiB
2026-09-27T09:28:22.830Z,ss2,97.77%,2.507GiB / 4GiB
2026-09-27T09:28:22.830Z,is-provider,0.49%,10.15MiB / 256MiB
2026-09-27T09:28:23.330Z,cs,20.24%,1.386GiB / 2GiB
2026-09-27T09:28:23.330Z,ss1,36.63%,2.446GiB / 4GiB
2026-09-27T09:28:23.330Z,ss2,86.13%,2.507GiB / 4GiB
2026-09-27T09:28:23.330Z,is-provider,0.38%,9.941MiB / 256MiB
