2026-09-27T10:39:44.188Z,cs,12.75%,1.389GiB / 2GiB
2026-09-27T10:39:44.188Z,ss1,45.67%,3.046GiB / 4GiB
2026-09-27T10:39:44.188Z,ss2,47.19%,3.156GiB / 4GiB
2026-09-27T10:39:44.188Z,is-provider,0.99%,9.895MiB / 256MiB
2026-09-27T10:39:44.687Z,cs,12.75%,1.389GiB / 2GiB
2026-09-27T10:39:44.687Z,ss1,45.67%,3.046GiB / 4GiB
2026-09-27T10:39:44.687Z,ss2,47.19%,3.156GiB / 4GiB
2026-09-27T10:39:44.687Z,is-provider,0.99%,9.895MiB / 256MiB
2026-09-27T10:39:45.187Z,cs,1.14%,1.388GiB / 2GiB
2026-09-27T10:39:45.187Z,ss1,184.74%,3.047GiB / 4GiB
2026-09-27T10:39:45.187Z,ss2,177.31%,3.156GiB / 4GiB
2026-09-27T10:39:45.187Z,is-provider,1.56%,11.31MiB / 256MiB
2026-09-27T10:39:45.686Z,cs,1.14%,1.388GiB / 2GiB
2026-09-27T10:39:45.686Z,ss1,184.74%,3.047GiB / 4GiB
2026-09-27T10:39:45.686Z,ss2,177.31%,3.156GiB / 4GiB
2026-09-27T10:39:45.686Z,is-provider,1.56%,11.31MiB / 256MiB
2026-09-27T10:39:46.187Z,cs,1.02%,1.388GiB / 2GiB
2026-09-27T10:39:46.187Z,ss1,196.47%,3.047GiB / 4GiB
2026-09-27T10:39:46.187Z,ss2,187.08%,3.156GiB / 4GiB
2026-09-27T10:39:46.187Z,is-provider,1.40%,11.38MiB / 256MiB
2026-09-27T10:39:46.687Z,cs,1.02%,1.388GiB / 2GiB
2026-09-27T10:39:46.687Z,ss1,196.47%,3.047GiB / 4GiB
2026-09-27T10:39:46.687Z,ss2,187.08%,3.156GiB / 4GiB
2026-09-27T10:39:46.687Z,is-provider,1.40%,11.38MiB / 256MiB
2026-09-27T10:39:47.187Z,cs,1.18%,1.388GiB / 2GiB
2026-09-27T10:39:47.187Z,ss1,183.98%,3.047GiB / 4GiB
2026-09-27T10:39:47.187Z,ss2,162.53%,3.157GiB / 4GiB
2026-09-27T10:39:47.187Z,is-provider,1.61%,11.5MiB / 256MiB
2026-09-27T10:39:47.688Z,cs,1.18%,1.388GiB / 2GiB
2026-09-27T10:39:47.688Z,ss1,183.98%,3.047GiB / 4GiB
2026-09-27T10:39:47.688Z,ss2,162.53%,3.157GiB / 4GiB
2026-09-27T10:39:47.688Z,is-provider,1.61%,11.5MiB / 256MiB
2026-09-27T10:39:48.187Z,cs,1.21%,1.388GiB / 2GiB
2026-09-27T10:39:48.187Z,ss1,195.82%,3.048GiB / 4GiB
2026-09-27T10:39:48.187Z,ss2,193.09%,3.157GiB / 4GiB
2026-09-27T10:39:48.187Z,is-provider,6.98%,11.21MiB / 256MiB
2026-09-27T10:39:48.687Z,cs,1.21%,1.388GiB / 2GiB
2026-09-27T10:39:48.687Z,ss1,195.82%,3.048GiB / 4GiB
2026-09-27T10:39:48.687Z,ss2,193.09%,3.157GiB / 4GiB
2026-09-27T10:39:48.687Z,is-provider,6.98%,11.21MiB / 256MiB
2026-09-27T10:39:49.187Z,cs,0.96%,1.388GiB / 2GiB
2026-09-27T10:39:49.187Z,ss1,195.54%,3.047GiB / 4GiB
2026-09-27T10:39:49.187Z,ss2,185.63%,3.158GiB / 4GiB
2026-09-27T10:39:49.187Z,is-provider,1.43%,11.21MiB / 256MiB
2026-09-27T10:39:49.687Z,cs,0.96%,1.388GiB / 2GiB
2026-09-27T10:39:49.687Z,ss1,195.54%,3.047GiB / 4GiB
2026-09-27T10:39:49.687Z,ss2,185.63%,3.158GiB / 4GiB
2026-09-27T10:39:49.687Z,is-provider,1.43%,11.21MiB / 256MiB
2026-09-27T10:39:50.187Z,cs,1.06%,1.387GiB / 2GiB
2026-09-27T10:39:50.187Z,ss1,204.10%,3.047GiB / 4GiB
2026-09-27T10:39:50.187Z,ss2,191.96%,3.157GiB / 4GiB
2026-09-27T10:39:50.187Z,is-provider,1.49%,11.13MiB / 256MiB
2026-09-27T10:39:50.687Z,cs,1.06%,1.387GiB / 2GiB
2026-09-27T10:39:50.687Z,ss1,204.10%,3.047GiB / 4GiB
2026-09-27T10:39:50.687Z,ss2,191.96%,3.157GiB / 4GiB
2026-09-27T10:39:50.687Z,is-provider,1.49%,11.13MiB / 256MiB
2026-09-27T10:39:51.187Z,cs,5.96%,1.388GiB / 2GiB
2026-09-27T10:39:51.187Z,ss1,196.77%,3.048GiB / 4GiB
2026-09-27T10:39:51.187Z,ss2,186.08%,3.157GiB / 4GiB
2026-09-27T10:39:51.187Z,is-provider,1.37%,11.21MiB / 256MiB
2026-09-27T10:39:51.686Z,cs,5.96%,1.388GiB / 2GiB
2026-09-27T10:39:51.686Z,ss1,196.77%,3.048GiB / 4GiB
2026-09-27T10:39:51.686Z,ss2,186.08%,3.157GiB / 4GiB
2026-09-27T10:39:51.686Z,is-provider,1.37%,11.21MiB / 256MiB
2026-09-27T10:39:52.187Z,cs,25.26%,1.389GiB / 2GiB
2026-09-27T10:39:52.187Z,ss1,191.56%,3.047GiB / 4GiB
2026-09-27T10:39:52.187Z,ss2,186.09%,3.157GiB / 4GiB
2026-09-27T10:39:52.187Z,is-provider,1.17%,10.87MiB / 256MiB
2026-09-27T10:39:52.687Z,cs,25.26%,1.389GiB / 2GiB
2026-09-27T10:39:52.687Z,ss1,191.56%,3.047GiB / 4GiB
2026-09-27T10:39:52.687Z,ss2,186.09%,3.157GiB / 4GiB
2026-09-27T10:39:52.687Z,is-provider,1.17%,10.87MiB / 256MiB
2026-09-27T10:39:53.187Z,cs,43.58%,1.389GiB / 2GiB
2026-09-27T10:39:53.187Z,ss1,198.51%,3.048GiB / 4GiB
2026-09-27T10:39:53.187Z,ss2,163.41%,3.158GiB / 4GiB
2026-09-27T10:39:53.187Z,is-provider,6.61%,10.89MiB / 256MiB
2026-09-27T10:39:53.687Z,cs,43.58%,1.389GiB / 2GiB
2026-09-27T10:39:53.687Z,ss1,198.51%,3.048GiB / 4GiB
2026-09-27T10:39:53.687Z,ss2,163.41%,3.158GiB / 4GiB
2026-09-27T10:39:53.687Z,is-provider,6.61%,10.89MiB / 256MiB
2026-09-27T10:39:54.187Z,cs,2.03%,1.389GiB / 2GiB
2026-09-27T10:39:54.187Z,ss1,197.39%,3.048GiB / 4GiB
2026-09-27T10:39:54.187Z,ss2,193.81%,3.158GiB / 4GiB
2026-09-27T10:39:54.187Z,is-provider,1.30%,11.1MiB / 256MiB
2026-09-27T10:39:54.689Z,cs,2.03%,1.389GiB / 2GiB
2026-09-27T10:39:54.689Z,ss1,197.39%,3.048GiB / 4GiB
2026-09-27T10:39:54.689Z,ss2,193.81%,3.158GiB / 4GiB
2026-09-27T10:39:54.689Z,is-provider,1.30%,11.1MiB / 256MiB
2026-09-27T10:39:55.187Z,cs,2.92%,1.388GiB / 2GiB
2026-09-27T10:39:55.187Z,ss1,194.28%,3.048GiB / 4GiB
2026-09-27T10:39:55.187Z,ss2,193.84%,3.161GiB / 4GiB
2026-09-27T10:39:55.187Z,is-provider,2.01%,10.77MiB / 256MiB
2026-09-27T10:39:55.687Z,cs,2.92%,1.388GiB / 2GiB
2026-09-27T10:39:55.687Z,ss1,194.28%,3.048GiB / 4GiB
2026-09-27T10:39:55.687Z,ss2,193.84%,3.161GiB / 4GiB
2026-09-27T10:39:55.687Z,is-provider,2.01%,10.77MiB / 256MiB
2026-09-27T10:39:56.187Z,cs,1.18%,1.388GiB / 2GiB
2026-09-27T10:39:56.187Z,ss1,190.71%,3.048GiB / 4GiB
2026-09-27T10:39:56.187Z,ss2,177.37%,3.158GiB / 4GiB
2026-09-27T10:39:56.187Z,is-provider,1.71%,11.04MiB / 256MiB
2026-09-27T10:39:56.687Z,cs,1.18%,1.388GiB / 2GiB
2026-09-27T10:39:56.687Z,ss1,190.71%,3.048GiB / 4GiB
2026-09-27T10:39:56.687Z,ss2,177.37%,3.158GiB / 4GiB
2026-09-27T10:39:56.687Z,is-provider,1.71%,11.04MiB / 256MiB
2026-09-27T10:39:57.187Z,cs,1.25%,1.388GiB / 2GiB
2026-09-27T10:39:57.187Z,ss1,208.09%,3.048GiB / 4GiB
2026-09-27T10:39:57.187Z,ss2,185.17%,3.158GiB / 4GiB
2026-09-27T10:39:57.187Z,is-provider,2.19%,11.15MiB / 256MiB
2026-09-27T10:39:57.687Z,cs,1.25%,1.388GiB / 2GiB
2026-09-27T10:39:57.687Z,ss1,208.09%,3.048GiB / 4GiB
2026-09-27T10:39:57.687Z,ss2,185.17%,3.158GiB / 4GiB
2026-09-27T10:39:57.687Z,is-provider,2.19%,11.15MiB / 256MiB
2026-09-27T10:39:58.187Z,cs,1.04%,1.388GiB / 2GiB
2026-09-27T10:39:58.187Z,ss1,182.42%,3.049GiB / 4GiB
2026-09-27T10:39:58.187Z,ss2,191.12%,3.158GiB / 4GiB
2026-09-27T10:39:58.187Z,is-provider,5.43%,10.83MiB / 256MiB
2026-09-27T10:39:58.687Z,cs,1.04%,1.388GiB / 2GiB
2026-09-27T10:39:58.687Z,ss1,182.42%,3.049GiB / 4GiB
2026-09-27T10:39:58.687Z,ss2,191.12%,3.158GiB / 4GiB
2026-09-27T10:39:58.687Z,is-provider,5.43%,10.83MiB / 256MiB
2026-09-27T10:39:59.187Z,cs,1.00%,1.388GiB / 2GiB
2026-09-27T10:39:59.187Z,ss1,197.31%,3.049GiB / 4GiB
2026-09-27T10:39:59.187Z,ss2,187.16%,3.158GiB / 4GiB
2026-09-27T10:39:59.187Z,is-provider,1.68%,10.76MiB / 256MiB
2026-09-27T10:39:59.687Z,cs,1.00%,1.388GiB / 2GiB
2026-09-27T10:39:59.687Z,ss1,197.31%,3.049GiB / 4GiB
2026-09-27T10:39:59.687Z,ss2,187.16%,3.158GiB / 4GiB
2026-09-27T10:39:59.687Z,is-provider,1.68%,10.76MiB / 256MiB
2026-09-27T10:40:00.187Z,cs,1.30%,1.388GiB / 2GiB
2026-09-27T10:40:00.187Z,ss1,198.12%,3.049GiB / 4GiB
2026-09-27T10:40:00.187Z,ss2,191.58%,3.159GiB / 4GiB
2026-09-27T10:40:00.187Z,is-provider,1.66%,10.78MiB / 256MiB
2026-09-27T10:40:00.687Z,cs,1.30%,1.388GiB / 2GiB
2026-09-27T10:40:00.687Z,ss1,198.12%,3.049GiB / 4GiB
2026-09-27T10:40:00.687Z,ss2,191.58%,3.159GiB / 4GiB
2026-09-27T10:40:00.687Z,is-provider,1.66%,10.78MiB / 256MiB
2026-09-27T10:40:01.187Z,cs,1.33%,1.388GiB / 2GiB
2026-09-27T10:40:01.187Z,ss1,194.27%,3.049GiB / 4GiB
2026-09-27T10:40:01.187Z,ss2,186.42%,3.158GiB / 4GiB
2026-09-27T10:40:01.187Z,is-provider,1.45%,10.82MiB / 256MiB
2026-09-27T10:40:01.687Z,cs,1.33%,1.388GiB / 2GiB
2026-09-27T10:40:01.687Z,ss1,194.27%,3.049GiB / 4GiB
2026-09-27T10:40:01.687Z,ss2,186.42%,3.158GiB / 4GiB
2026-09-27T10:40:01.687Z,is-provider,1.45%,10.82MiB / 256MiB
2026-09-27T10:40:02.187Z,cs,1.33%,1.388GiB / 2GiB
2026-09-27T10:40:02.187Z,ss1,193.35%,3.049GiB / 4GiB
2026-09-27T10:40:02.187Z,ss2,145.69%,3.158GiB / 4GiB
2026-09-27T10:40:02.187Z,is-provider,1.30%,10.77MiB / 256MiB
2026-09-27T10:40:02.687Z,cs,59.25%,1.389GiB / 2GiB
2026-09-27T10:40:02.687Z,ss1,193.35%,3.049GiB / 4GiB
2026-09-27T10:40:02.687Z,ss2,145.69%,3.158GiB / 4GiB
2026-09-27T10:40:02.687Z,is-provider,1.30%,10.77MiB / 256MiB
2026-09-27T10:40:03.187Z,cs,59.25%,1.389GiB / 2GiB
2026-09-27T10:40:03.187Z,ss1,193.35%,3.049GiB / 4GiB
2026-09-27T10:40:03.187Z,ss2,145.69%,3.158GiB / 4GiB
2026-09-27T10:40:03.187Z,is-provider,1.30%,10.77MiB / 256MiB
2026-09-27T10:40:03.687Z,cs,5.72%,1.388GiB / 2GiB
2026-09-27T10:40:03.687Z,ss1,199.75%,3.049GiB / 4GiB
2026-09-27T10:40:03.687Z,ss2,188.56%,3.158GiB / 4GiB
2026-09-27T10:40:03.687Z,is-provider,10.07%,11.15MiB / 256MiB
2026-09-27T10:40:04.187Z,cs,5.72%,1.388GiB / 2GiB
2026-09-27T10:40:04.187Z,ss1,199.75%,3.049GiB / 4GiB
2026-09-27T10:40:04.187Z,ss2,188.56%,3.158GiB / 4GiB
2026-09-27T10:40:04.187Z,is-provider,10.07%,11.15MiB / 256MiB
2026-09-27T10:40:04.687Z,cs,1.73%,1.388GiB / 2GiB
2026-09-27T10:40:04.687Z,ss1,200.90%,3.049GiB / 4GiB
2026-09-27T10:40:04.687Z,ss2,179.46%,3.158GiB / 4GiB
2026-09-27T10:40:04.687Z,is-provider,1.69%,10.92MiB / 256MiB
2026-09-27T10:40:05.187Z,cs,1.73%,1.388GiB / 2GiB
2026-09-27T10:40:05.187Z,ss1,200.90%,3.049GiB / 4GiB
2026-09-27T10:40:05.187Z,ss2,179.46%,3.158GiB / 4GiB
2026-09-27T10:40:05.187Z,is-provider,1.69%,10.92MiB / 256MiB
2026-09-27T10:40:05.687Z,cs,1.21%,1.388GiB / 2GiB
2026-09-27T10:40:05.687Z,ss1,201.46%,3.049GiB / 4GiB
2026-09-27T10:40:05.687Z,ss2,196.20%,3.159GiB / 4GiB
2026-09-27T10:40:05.687Z,is-provider,1.80%,11.56MiB / 256MiB
2026-09-27T10:40:06.187Z,cs,1.21%,1.388GiB / 2GiB
2026-09-27T10:40:06.187Z,ss1,201.46%,3.049GiB / 4GiB
2026-09-27T10:40:06.187Z,ss2,196.20%,3.159GiB / 4GiB
2026-09-27T10:40:06.187Z,is-provider,1.80%,11.56MiB / 256MiB
2026-09-27T10:40:06.687Z,cs,1.34%,1.388GiB / 2GiB
2026-09-27T10:40:06.687Z,ss1,196.21%,3.049GiB / 4GiB
2026-09-27T10:40:06.687Z,ss2,188.68%,3.159GiB / 4GiB
2026-09-27T10:40:06.687Z,is-provider,1.55%,11.53MiB / 256MiB
2026-09-27T10:40:07.187Z,cs,1.34%,1.388GiB / 2GiB
2026-09-27T10:40:07.187Z,ss1,196.21%,3.049GiB / 4GiB
2026-09-27T10:40:07.187Z,ss2,188.68%,3.159GiB / 4GiB
2026-09-27T10:40:07.187Z,is-provider,1.55%,11.53MiB / 256MiB
2026-09-27T10:40:07.687Z,cs,0.98%,1.388GiB / 2GiB
2026-09-27T10:40:07.687Z,ss1,197.71%,3.049GiB / 4GiB
2026-09-27T10:40:07.687Z,ss2,179.56%,3.159GiB / 4GiB
2026-09-27T10:40:07.687Z,is-provider,1.62%,11.27MiB / 256MiB
2026-09-27T10:40:08.187Z,cs,0.98%,1.388GiB / 2GiB
2026-09-27T10:40:08.187Z,ss1,197.71%,3.049GiB / 4GiB
2026-09-27T10:40:08.187Z,ss2,179.56%,3.159GiB / 4GiB
2026-09-27T10:40:08.187Z,is-provider,1.62%,11.27MiB / 256MiB
2026-09-27T10:40:08.687Z,cs,1.36%,1.388GiB / 2GiB
2026-09-27T10:40:08.687Z,ss1,201.99%,3.05GiB / 4GiB
2026-09-27T10:40:08.687Z,ss2,137.72%,3.159GiB / 4GiB
2026-09-27T10:40:08.687Z,is-provider,5.20%,11.35MiB / 256MiB
2026-09-27T10:40:09.187Z,cs,1.36%,1.388GiB / 2GiB
2026-09-27T10:40:09.187Z,ss1,201.99%,3.05GiB / 4GiB
2026-09-27T10:40:09.187Z,ss2,137.72%,3.159GiB / 4GiB
2026-09-27T10:40:09.187Z,is-provider,5.20%,11.35MiB / 256MiB
2026-09-27T10:40:09.687Z,cs,1.18%,1.387GiB / 2GiB
2026-09-27T10:40:09.687Z,ss1,193.36%,3.049GiB / 4GiB
2026-09-27T10:40:09.687Z,ss2,183.73%,3.158GiB / 4GiB
2026-09-27T10:40:09.687Z,is-provider,1.30%,11.11MiB / 256MiB
2026-09-27T10:40:10.187Z,cs,1.18%,1.387GiB / 2GiB
2026-09-27T10:40:10.187Z,ss1,193.36%,3.049GiB / 4GiB
2026-09-27T10:40:10.187Z,ss2,183.73%,3.158GiB / 4GiB
2026-09-27T10:40:10.187Z,is-provider,1.30%,11.11MiB / 256MiB
