exact,morris,saturated
819,652.64,255
841,791.80,255
841,871.97,255
850,1057.19,255
853,1057.19,255
853,718.90,255
855,960.17,255
859,791.80,255
862,791.80,255
868,718.90,255
868,960.17,255
871,718.90,255
872,871.97,255
873,1163.91,255
877,718.90,255
878,960.17,255
879,1057.19,255
879,791.80,255
880,871.97,255
884,487.85,255
885,1057.19,255
888,1163.91,255
890,718.90,255
894,1281.30,255
895,791.80,255
895,652.64,255
895,718.90,255
896,871.97,255
897,718.90,255
898,960.17,255
898,960.17,255
901,1163.91,255
902,871.97,255
903,718.90,255
904,791.80,255
904,1057.19,255
904,718.90,255
908,718.90,255
909,871.97,255
910,718.90,255
912,960.17,255
915,871.97,255
916,718.90,255
916,718.90,255
916,791.80,255
917,718.90,255
917,1163.91,255
917,960.17,255
918,871.97,255
918,1057.19,255
922,871.97,255
923,871.97,255
924,1281.30,255
924,960.17,255
924,1057.19,255
925,592.40,255
928,871.97,255
928,791.80,255
929,871.97,255
930,791.80,255
932,871.97,255
932,1057.19,255
933,1163.91,255
933,791.80,255
934,960.17,255
937,1163.91,255
939,871.97,255
942,871.97,255
942,1057.19,255
942,871.97,255
943,791.80,255
944,960.17,255
945,718.90,255
947,960.17,255
951,537.64,255
954,871.97,255
956,960.17,255
957,871.97,255
957,1057.19,255
958,960.17,255
958,871.97,255
963,871.97,255
964,960.17,255
965,871.97,255
965,1163.91,255
966,791.80,255
966,871.97,255
967,1163.91,255
969,871.97,255
970,791.80,255
972,652.64,255
973,1057.19,255
975,960.17,255
976,1281.30,255
976,652.64,255
976,718.90,255
976,1057.19,255
977,871.97,255
978,1057.19,255
978,1057.19,255
978,718.90,255
978,1163.91,255
979,718.90,255
979,718.90,255
980,1163.91,255
982,791.80,255
982,1163.91,255
985,1163.91,255
985,791.80,255
986,871.97,255
989,1057.19,255
991,960.17,255
991,1057.19,255
993,791.80,255
993,871.97,255
994,960.17,255
998,718.90,255
999,791.80,255
1001,718.90,255
1001,1057.19,255
1002,960.17,255
1003,960.17,255
1004,1410.43,255
1005,960.17,255
1009,871.97,255
1010,1410.43,255
1011,791.80,255
1013,791.80,255
1013,1410.43,255
1014,791.80,255
1017,1410.43,255
1020,718.90,255
1021,1410.43,255
1022,791.80,255
1023,1410.43,255
1024,1281.30,255
1025,1552.47,255
1026,1552.47,255
1027,1057.19,255
1027,871.97,255
1028,1281.30,255
1028,871.97,255
1029,1410.43,255
1032,1410.43,255
1032,791.80,255
1032,718.90,255
1034,871.97,255
1037,1163.91,255
1038,1163.91,255
1039,1410.43,255
1040,1057.19,255
1040,791.80,255
1042,791.80,255
1044,1281.30,255
1044,1057.19,255
1045,871.97,255
1048,960.17,255
1052,871.97,255
1052,1057.19,255
1054,960.17,255
1055,960.17,255
1055,1163.91,255
1057,1281.30,255
1058,1410.43,255
1059,871.97,255
1059,1163.91,255
1062,960.17,255
1064,1281.30,255
1064,1281.30,255
1064,960.17,255
1067,1163.91,255
1068,960.17,255
1068,1281.30,255
1070,791.80,255
1074,871.97,255
1075,1281.30,255
1076,871.97,255
1076,1163.91,255
1077,1163.91,255
1080,1410.43,255
1082,1281.30,255
1083,1281.30,255
1085,791.80,255
1085,718.90,255
1085,1163.91,255
1085,1163.91,255
1090,1281.30,255
1094,1163.91,255
1094,871.97,255
1096,1708.72,255
1096,871.97,255
1097,1410.43,255
1101,960.17,255
1102,1552.47,255
1105,652.64,255
1107,791.80,255
1107,1057.19,255
1109,1163.91,255
1113,1163.91,255
1114,960.17,255
1114,1057.19,255
1116,1163.91,255
1116,1163.91,255
1117,960.17,255
1120,1163.91,255
1120,1057.19,255
1121,960.17,255
1123,1281.30,255
1123,1057.19,255
1125,960.17,255
1126,1057.19,255
1126,1163.91,255
1127,1163.91,255
1129,960.17,255
1131,960.17,255
1131,1163.91,255
1134,1163.91,255
1134,1163.91,255
1137,1708.72,255
1140,791.80,255
1141,1057.19,255
1143,1163.91,255
1143,791.80,255
1148,1163.91,255
1149,1057.19,255
1150,960.17,255
1151,1552.47,255
1151,871.97,255
1152,1057.19,255
1153,1163.91,255
1154,1552.47,255
1155,1410.43,255
1156,960.17,255
1159,1281.30,255
1161,1708.72,255
1162,1057.19,255
1164,1410.43,255
1164,1281.30,255
1165,1281.30,255
1165,718.90,255
1165,1163.91,255
1167,1281.30,255
1167,1880.59,255
1168,1552.47,255
1173,791.80,255
1173,871.97,255
1175,1163.91,255
1176,1057.19,255
1185,960.17,255
1188,960.17,255
1190,1552.47,255
1191,1281.30,255
1192,960.17,255
1193,1057.19,255
1194,1281.30,255
1195,1552.47,255
1198,1880.59,255
1199,1163.91,255
1200,1163.91,255
1202,1281.30,255
1202,960.17,255
1206,960.17,255
1208,1410.43,255
1209,960.17,255
1211,1057.19,255
1216,1057.19,255
1217,1163.91,255
1220,1281.30,255
1223,1708.72,255
1227,1410.43,255
1227,1163.91,255
1228,791.80,255
1231,1281.30,255
1232,1410.43,255
1233,1163.91,255
1235,1163.91,255
1235,1708.72,255
1237,1281.30,255
1238,1281.30,255
1240,960.17,255
1241,1281.30,255
1245,1057.19,255
1247,1410.43,255
1248,718.90,255
1249,960.17,255
1250,1057.19,255
1251,1281.30,255
1252,960.17,255
1252,2069.65,255
1252,1552.47,255
1253,2069.65,255
1258,1163.91,255
1259,1281.30,255
1265,791.80,255
1265,1552.47,255
1267,1057.19,255
1268,791.80,255
1270,871.97,255
1271,1410.43,255
1274,1057.19,255
1274,1281.30,255
1274,1410.43,255
1275,1163.91,255
1276,960.17,255
1282,960.17,255
1286,1410.43,255
1287,1163.91,255
1289,960.17,255
1289,1057.19,255
1290,652.64,255
1291,2069.65,255
1291,1163.91,255
1292,1281.30,255
1293,1410.43,255
1294,1057.19,255
1296,1057.19,255
1299,1163.91,255
1301,1880.59,255
1301,1281.30,255
1301,960.17,255
1303,1410.43,255
1305,1057.19,255
1308,960.17,255
1315,1281.30,255
1316,1552.47,255
1316,960.17,255
1325,1057.19,255
1326,1410.43,255
1327,1281.30,255
1330,1552.47,255
1334,1281.30,255
1336,871.97,255
1336,1281.30,255
1340,1163.91,255
1342,1163.91,255
1345,1410.43,255
1346,1410.43,255
1355,1410.43,255
1356,1057.19,255
1357,1057.19,255
1358,1708.72,255
1361,960.17,255
1362,1410.43,255
1365,1410.43,255
1365,1057.19,255
1367,1410.43,255
1368,960.17,255
1371,791.80,255
1373,1410.43,255
1374,1163.91,255
1377,1708.72,255
1377,1410.43,255
1380,1708.72,255
1384,1552.47,255
1390,871.97,255
1392,1410.43,255
1398,1281.30,255
1408,1880.59,255
1411,1880.59,255
1412,1552.47,255
1414,1708.72,255
1414,1552.47,255
1417,1410.43,255
1418,2277.62,255
1425,791.80,255
1428,1552.47,255
1428,1057.19,255
1433,1708.72,255
1435,1880.59,255
1436,1410.43,255
1437,1057.19,255
1438,1708.72,255
1440,1281.30,255
1443,1163.91,255
1445,1880.59,255
1447,1281.30,255
1447,1880.59,255
1451,1880.59,255
1451,2277.62,255
1451,1552.47,255
1453,1708.72,255
1454,1281.30,255
1465,1163.91,255
1468,1552.47,255
1470,1410.43,255
1471,1281.30,255
1472,2506.38,255
1474,1880.59,255
1479,1281.30,255
1480,2277.62,255
1481,1281.30,255
1482,2069.65,255
1485,960.17,255
1486,1057.19,255
1487,1057.19,255
1490,1163.91,255
1492,1281.30,255
1494,1410.43,255
1496,1281.30,255
1500,871.97,255
1502,1880.59,255
1509,1552.47,255
1513,1880.59,255
1514,2069.65,255
1515,1057.19,255
1518,1057.19,255
1521,2069.65,255
1524,960.17,255
1525,1552.47,255
1526,1163.91,255
1526,1163.91,255
1527,1163.91,255
1529,1410.43,255
1531,1708.72,255
1532,1410.43,255
1538,1880.59,255
1538,1708.72,255
1548,1281.30,255
1549,1708.72,255
1550,1410.43,255
1552,1281.30,255
1553,2069.65,255
1554,1880.59,255
1554,1708.72,255
1558,1552.47,255
1562,1552.47,255
1563,1708.72,255
1570,2069.65,255
1574,1163.91,255
1576,1281.30,255
1585,1410.43,255
1587,1552.47,255
1593,1057.19,255
1595,1552.47,255
1597,1552.47,255
1599,1552.47,255
1604,1708.72,255
1604,1880.59,255
1606,1552.47,255
1606,1281.30,255
1609,1410.43,255
1609,1708.72,255
1617,1880.59,255
1619,2277.62,255
1620,1281.30,255
1629,1163.91,255
1630,1880.59,255
1634,1281.30,255
1646,1552.47,255
1652,1708.72,255
1655,1281.30,255
1655,1281.30,255
1658,2069.65,255
1663,960.17,255
1665,1281.30,255
1670,2069.65,255
1670,960.17,255
1670,1880.59,255
1673,1880.59,255
1674,1708.72,255
1674,1410.43,255
1679,871.97,255
1684,1410.43,255
1691,1552.47,255
1694,1552.47,255
1696,1281.30,255
1701,1410.43,255
1705,1708.72,255
1705,1552.47,255
1708,1410.43,255
1708,1163.91,255
1710,2069.65,255
1714,1057.19,255
1714,1708.72,255
1715,1880.59,255
1715,2069.65,255
1722,1708.72,255
1723,1410.43,255
1724,1880.59,255
1725,2069.65,255
1727,2069.65,255
1736,2506.38,255
1736,1552.47,255
1738,1708.72,255
1745,1708.72,255
1752,1552.47,255
1759,1708.72,255
1762,2506.38,255
1767,1410.43,255
1770,1410.43,255
1775,1708.72,255
1776,1880.59,255
1790,1880.59,255
1790,2069.65,255
1796,1410.43,255
1804,2069.65,255
1813,3034.82,255
1814,1708.72,255
1815,1708.72,255
1816,1880.59,255
1820,1880.59,255
1822,1552.47,255
1826,1708.72,255
1841,1880.59,255
1847,2069.65,255
1849,2069.65,255
1852,1880.59,255
1853,1708.72,255
1853,2506.38,255
1855,1708.72,255
1858,960.17,255
1858,2506.38,255
1861,1708.72,255
1864,2069.65,255
1866,1880.59,255
1870,2277.62,255
1872,1880.59,255
1884,2069.65,255
1885,1552.47,255
1887,2277.62,255
1892,1552.47,255
1895,1708.72,255
1903,1708.72,255
1914,1163.91,255
1919,1410.43,255
1923,1410.43,255
1936,2069.65,255
1939,1708.72,255
1941,1552.47,255
1941,1163.91,255
1945,1552.47,255
1966,2069.65,255
1972,1708.72,255
1973,1552.47,255
1973,2506.38,255
1980,1880.59,255
1990,2758.01,255
1991,1281.30,255
1991,2069.65,255
1994,2069.65,255
1994,1552.47,255
1995,1708.72,255
2009,1708.72,255
2019,1880.59,255
2021,2069.65,255
2021,1552.47,255
2026,1708.72,255
2029,2069.65,255
2034,1552.47,255
2034,1281.30,255
2043,1708.72,255
2053,1552.47,255
2060,1880.59,255
2062,1552.47,255
2088,2069.65,255
2090,1708.72,255
2090,2758.01,255
2094,1708.72,255
2097,2277.62,255
2098,1880.59,255
2101,2069.65,255
2103,1880.59,255
2107,2277.62,255
2118,1708.72,255
2132,1708.72,255
2132,2277.62,255
2136,2069.65,255
2138,2506.38,255
2141,2277.62,255
2145,2277.62,255
2146,2069.65,255
2147,1880.59,255
2147,2069.65,255
2150,1880.59,255
2158,1552.47,255
2161,2069.65,255
2164,2758.01,255
2167,1410.43,255
2171,1880.59,255
2180,2277.62,255
2180,1281.30,255
2183,2069.65,255
2197,1880.59,255
2203,3339.30,255
2207,2069.65,255
2212,2069.65,255
2215,1708.72,255
2220,1880.59,255
2221,1708.72,255
2239,1880.59,255
2240,2758.01,255
2240,3034.82,255
2240,2069.65,255
2246,1708.72,255
2261,3034.82,255
2281,2758.01,255
2286,2277.62,255
2303,2506.38,255
2311,2069.65,255
2316,2506.38,255
2321,1880.59,255
2328,2758.01,255
2336,3034.82,255
2336,2277.62,255
2344,2277.62,255
2350,2506.38,255
2354,1552.47,255
2355,2277.62,255
2363,2758.01,255
2364,2506.38,255
2383,3339.30,255
2385,3034.82,255
2386,3674.23,255
2397,2069.65,255
2415,2758.01,255
2419,3339.30,255
2422,3674.23,255
2423,3034.82,255
2423,2277.62,255
2430,2758.01,255
2442,3034.82,255
2458,2506.38,255
2459,4042.65,255
2462,2069.65,255
2464,2758.01,255
2465,3339.30,255
2466,2758.01,255
2468,2277.62,255
2473,2758.01,255
2486,2277.62,255
2488,2758.01,255
2498,2069.65,255
2509,2758.01,255
2517,3034.82,255
2527,3034.82,255
2537,2069.65,255
2538,1708.72,255
2542,2277.62,255
2544,1880.59,255
2544,3034.82,255
2548,3034.82,255
2559,2069.65,255
2565,1880.59,255
2570,3674.23,255
2579,1880.59,255
2580,2758.01,255
2602,3034.82,255
2603,1880.59,255
2606,2069.65,255
2620,2758.01,255
2636,2758.01,255
2642,2506.38,255
2667,2069.65,255
2673,3034.82,255
2680,3674.23,255
2685,3034.82,255
2689,2506.38,255
2695,3034.82,255
2700,2758.01,255
2701,2758.01,255
2713,2758.01,255
2718,2506.38,255
2734,2506.38,255
2752,3339.30,255
2752,3339.30,255
2755,3034.82,255
2759,3674.23,255
2775,2758.01,255
2775,3034.82,255
2788,1880.59,255
2798,3034.82,255
2799,3034.82,255
2809,3034.82,255
2817,2069.65,255
2833,2758.01,255
2837,2277.62,255
2843,3339.30,255
2858,2277.62,255
2868,2506.38,255
2888,3034.82,255
2891,3034.82,255
2896,3339.30,255
2902,1880.59,255
2934,3674.23,255
2935,3674.23,255
2936,3339.30,255
2950,4042.65,255
2957,3339.30,255
2963,3034.82,255
2965,3674.23,255
2969,4042.65,255
2978,2758.01,255
2982,2277.62,255
3023,3339.30,255
3023,2758.01,255
3024,2506.38,255
3042,2506.38,255
3058,3339.30,255
3060,2758.01,255
3076,3034.82,255
3083,3674.23,255
3107,3674.23,255
3127,2758.01,255
3153,3339.30,255
3153,5384.08,255
3158,3339.30,255
3167,3674.23,255
3178,2758.01,255
3184,3034.82,255
3186,2758.01,255
3187,2277.62,255
3187,3034.82,255
3205,2277.62,255
3222,3674.23,255
3229,4447.92,255
3236,2069.65,255
3254,4447.92,255
3256,2758.01,255
3270,2506.38,255
3295,2758.01,255
3298,2506.38,255
3360,4042.65,255
3372,5384.08,255
3390,4447.92,255
3408,3674.23,255
3410,2758.01,255
3410,3339.30,255
3422,4447.92,255
3425,3034.82,255
3432,3034.82,255
3439,3339.30,255
3467,3339.30,255
3488,2758.01,255
3494,2758.01,255
3500,3339.30,255
3511,3339.30,255
3547,3674.23,255
3581,4893.71,255
3591,3339.30,255
3592,4893.71,255
3614,3034.82,255
3628,2506.38,255
3635,3034.82,255
3658,3339.30,255
3664,3034.82,255
3666,3339.30,255
3678,3034.82,255
3681,4447.92,255
3726,3339.30,255
3731,4447.92,255
3759,3674.23,255
3762,3339.30,255
3771,4042.65,255
3771,4447.92,255
3774,3674.23,255
3806,4042.65,255
3807,3034.82,255
3814,2758.01,255
3827,3674.23,255
3846,3034.82,255
3913,3674.23,255
3934,4447.92,255
3962,3674.23,255
3966,3034.82,255
3967,3034.82,255
3984,3339.30,255
3988,4042.65,255
4006,5923.49,255
4007,3034.82,255
4024,4893.71,255
4055,5384.08,255
4058,3034.82,255
4060,3339.30,255
4131,4042.65,255
4159,3674.23,255
4164,4893.71,255
4165,4042.65,255
4169,4447.92,255
4207,4042.65,255
4208,3339.30,255
4212,4447.92,255
4221,5384.08,255
4252,4447.92,255
4287,4893.71,255
4307,4042.65,255
4312,5384.08,255
4333,5923.49,255
4366,3339.30,255
4371,3339.30,255
4397,6516.83,255
4400,4447.92,255
4452,3339.30,255
4481,5923.49,255
4516,4042.65,255
4551,4893.71,255
4576,4447.92,255
4577,4447.92,255
4612,5384.08,255
4638,3339.30,255
4664,3339.30,255
4681,3034.82,255
4712,4893.71,255
4722,4042.65,255
4747,4893.71,255
4761,4893.71,255
4829,4447.92,255
4829,3674.23,255
4831,5923.49,255
4837,4447.92,255
4872,4447.92,255
4877,4042.65,255
4897,4042.65,255
4953,4447.92,255
4972,4893.71,255
4985,3034.82,255
4998,4042.65,255
5010,5923.49,255
5063,3339.30,255
5076,4042.65,255
5096,4893.71,255
5143,4893.71,255
5152,4893.71,255
5189,5384.08,255
5252,4447.92,255
5270,5384.08,255
5326,3034.82,255
5332,4893.71,255
5372,4893.71,255
5434,5384.08,255
5446,5384.08,255
5468,5923.49,255
5470,3674.23,255
5548,5384.08,255
5551,5384.08,255
5611,5384.08,255
5678,7887.47,255
5688,5923.49,255
5696,4447.92,255
5697,4893.71,255
5717,4447.92,255
5767,4447.92,255
5772,4447.92,255
5773,4447.92,255
5774,5384.08,255
5967,10501.53,255
5979,4447.92,255
5988,5923.49,255
6025,5923.49,255
6054,4893.71,255
6057,6516.83,255
6087,5923.49,255
6153,4447.92,255
6234,4447.92,255
6340,9545.94,255
6359,5923.49,255
6362,4893.71,255
6364,5384.08,255
6397,6516.83,255
6410,6516.83,255
6532,5923.49,255
6567,7169.52,255
6578,4893.71,255
6591,9545.94,255
6651,4447.92,255
6683,4893.71,255
6863,7887.47,255
6913,6516.83,255
6924,6516.83,255
6975,8677.22,255
7002,7169.52,255
7054,6516.83,255
7099,8677.22,255
7118,7169.52,255
7137,7169.52,255
7218,10501.53,255
7252,6516.83,255
7298,7887.47,255
7405,7169.52,255
7446,6516.83,255
7458,5384.08,255
7653,8677.22,255
7668,5384.08,255
7672,8677.22,255
7771,6516.83,255
7773,7887.47,255
7975,7887.47,255
8014,9545.94,255
8040,9545.94,255
8043,8677.22,255
8084,5384.08,255
8095,9545.94,255
8147,8677.22,255
8249,9545.94,255
8397,5923.49,255
8467,7887.47,255
8529,7169.52,255
8560,8677.22,255
8691,9545.94,255
8827,10501.53,255
8925,6516.83,255
8971,7887.47,255
8980,7887.47,255
9141,8677.22,255
9141,7169.52,255
9325,10501.53,255
9393,8677.22,255
9471,9545.94,255
9639,9545.94,255
9679,12708.95,255
9774,7169.52,255
9798,7887.47,255
9949,13980.85,255
9986,8677.22,255
10059,13980.85,255
10176,9545.94,255
10246,9545.94,255
10309,11552.69,255
10513,16918.93,255
10799,9545.94,255
10815,11552.69,255
10899,7887.47,255
10958,5384.08,255
11163,12708.95,255
11186,11552.69,255
11266,11552.69,255
11362,15379.93,255
11674,12708.95,255
11749,16918.93,255
11798,11552.69,255
11918,15379.93,255
11950,12708.95,255
12209,11552.69,255
12285,12708.95,255
12638,11552.69,255
12644,11552.69,255
13004,15379.93,255
13056,9545.94,255
13271,9545.94,255
13306,12708.95,255
13585,18611.82,255
13661,13980.85,255
13760,11552.69,255
13946,12708.95,255
14333,15379.93,255
14423,22522.40,255
14722,15379.93,255
15046,10501.53,255
15068,16918.93,255
15223,15379.93,255
15531,9545.94,255
15870,13980.85,255
16006,16918.93,255
16126,13980.85,255
16319,16918.93,255
16686,13980.85,255
16969,12708.95,255
17277,16918.93,255
17617,12708.95,255
17871,20474.00,255
18153,16918.93,255
18421,18611.82,255
18891,15379.93,255
19064,18611.82,255
19491,13980.85,255
19886,32979.69,255
20358,20474.00,255
20364,22522.40,255
20860,22522.40,255
21229,18611.82,255
21745,29980.63,255
22217,22522.40,255
22684,27254.21,255
23052,32979.69,255
23504,24775.64,255
24067,29980.63,255
24586,29980.63,255
25312,20474.00,255
25783,32979.69,255
26680,29980.63,255
26971,22522.40,255
27808,27254.21,255
28461,32979.69,255
29345,22522.40,255
29742,20474.00,255
30700,29980.63,255
32139,32979.69,255
32858,39907.53,255
33739,36278.66,255
34437,27254.21,255
35853,53120.23,255
36922,32979.69,255
38278,36278.66,255
39686,53120.23,255
40961,43899.28,255
42576,53120.23,255
44175,29980.63,255
45461,53120.23,255
48025,48290.21,255
49757,58433.25,255
51636,48290.21,255
54267,48290.21,255
56538,64277.57,255
59660,53120.23,255
62844,64277.57,255
66452,77777.96,255
70586,43899.28,255
74416,77777.96,255
79285,103525.78,255
84678,77777.96,255
91117,85556.76,255
98132,94113.44,255
106097,113879.36,255
116665,113879.36,255
128242,94113.44,255
142379,137796.12,255
159187,151576.74,255
181789,166735.41,255
210316,151576.74,255
249312,221928.14,255
305270,201751.95,255
390088,268535.15,255
536601,475734.11,255
835080,766180.65,255
1792312,1642387.71,255
