config,size,vus,reps,p50,p90,p99,d_p50,d_p90,iqr_p50,spread_p50,rps,iqr_rps,spread_rps,link_tx,link_rx,log_ss1,ocsp,tsa,tsa_total,stamped,ok,errors,tsa_flags,invalid,wire_tx_ss1,wire_rx_ss2,log_ss2
direct,10240,1,15,0.6647475,1.0791953,1.37063847,,,11.290602822876346,30.012147469527907,1361.3233706552342,5.605593272421682,17.003036703533894,0,0,0,0,0,0,—,15000,0,0,0,0,12.808181818181819,0
full,10240,1,15,28.1365665,31.7195581,44.03127654999997,,,1.523387723942782,5.207465523556323,34.19837054322803,2.9824738027585997,6.565461903123887,14827.416666666666,25680.433333333334,33682.77333333333,0,0,2,15/15,15000,0,0,0,25959.83916666667,25587.8975,33689.6
nobody,10240,1,15,27.3664965,30.4403043,43.14680755,-0.7700700000000005,-1.2792537999999993,1.8537210270960238,24.889092032661157,35.16469360708114,3.1735073970124428,33.08014300113796,14845.264166666666,25687.39,19251.2,0,0,2,15/15,15000,0,0,0,25980.8,25631.769666666667,19264.853333333333
reuse,10240,1,15,26.110263500000002,30.23715,42.37052857999999,-2.0263029999999986,-1.4824081000000007,1.4023623315789324,36.61357917739896,36.106249664759304,3.1067103232701534,42.6710767002489,11487.249166666666,22826.058333333334,33710.08,0,0,2,15/15,15000,0,0,0,22495.340833333332,22116.093333333334,33675.94666666666
synctsa,10240,1,15,116.9937815,127.4422289,140.70097514,88.857215,95.7226708,0.46406569053416175,1.5592730456361905,8.406650287513544,0.824508285677565,3.1862131705653614,14798.436666666666,25685.053333333333,56497.49333333333,0,4802,4802,15/15,15000,0,0,0,26879.480833333335,28513.159166666668,56074.24
direct,10240,4,15,0.80469,1.0553603,1.2815257100000002,,,3.4258534342417533,12.003069505026772,5040.488791017097,3.421268458927487,14.709826544350847,0,0,0,0,0,0,—,15000,0,0,0,0,11.545454545454545,0
full,10240,4,15,34.4148775,67.9583878,88.18505988,,,34.60513915820273,48.540326781636814,95.46647027375661,37.028528938061775,53.49246068376806,15082.950833333334,25953.504166666666,33546.24,0,0,2,15/15,15000,0,0,0,26304.224166666667,25984.504166666666,33594.026666666665
full+ss3,10240,4,15,37.409125,70.2074875,95.14928370999999,2.9942475,2.249099700000002,26.397301460539357,74.49242263752494,88.93129694777905,24.169379896290074,65.5054273781613,15053.935833333333,25883.508333333335,33553.066666666666,0,0,3,15/15,15000,0,0,0,26270.5025,12964.497333333333,16916.48
nobody,10240,4,15,37.660589,68.0813029,87.14474089,3.2457114999999988,0.12291510000000017,28.05231285681698,43.5669646589967,87.17032889218126,27.865271858223906,84.62742280375025,15078.686666666666,25942.990833333333,19401.386666666665,0,0,2,15/15,15000,0,0,0,26293.930666666667,25959.874333333333,19394.56
reuse,10240,4,15,37.277620999999996,64.9916252,93.10271417,2.8627434999999934,-2.9667625999999956,26.332803667916465,55.650026593703515,91.9214251682061,23.3404560480559,99.68288343504788,11737.975833333334,23080.628,33539.41333333333,0,0,2,15/15,14999,1,0,0,22834.043,22472.675,33594.026666666665
synctsa,10240,4,15,125.39556200000001,143.4917553,188.83236275,90.98068450000001,75.5333675,9.983264001001904,12.470117164114635,30.48012820012083,8.52866140122697,13.189975517548087,14953.8625,25888.665833333333,67720.53333333334,0,4800,4800,15/15,15000,0,0,0,26999.883333333335,28496.818666666666,69120
direct,10240,16,15,1.3749354999999999,1.4943012,1.72763439,,,3.2313879451072522,5.06001917908149,12085.872791115828,0.32110356402136897,0.8768677015694334,0,0,0,0,0,0,—,15000,0,0,0,0,9.428181818181818,0
full,10240,16,15,116.39210800000001,189.5174099,258.23346316999994,,,59.99359703151005,80.93365316486923,121.53293044197567,23.327766478354526,51.05952982009485,15997.349,26410.6325,34645.333333333336,0,0,2,15/15,15000,0,0,0,27247.296666666665,26892.229166666668,34604.37333333334
full+ss3,10240,16,15,176.1568225,206.35082440000002,281.37258618,59.7647145,16.833414500000032,38.43908415752674,62.403843881777554,98.5106236852412,21.53717760975656,65.31258440016602,15778.249166666666,26128.085,34529.28,0,0,3,15/15,15000,0,0,0,27023.588333333333,13363.670333333333,17264.64
nobody,10240,16,15,161.5644385,203.95138219999998,285.03660004,45.17233049999999,14.433972299999994,23.681114702725868,39.347366654574806,102.86213492744888,11.529996625104028,23.330838386948397,16022.510833333334,26426.495,20759.893333333333,0,0,2,15/15,15000,0,0,0,27260.591666666667,26888.5925,20773.546666666665
reuse,10240,16,15,136.77009800000002,201.7735429,286.54045683,20.37799000000001,12.256133000000005,45.3848292921454,59.96575362547447,107.52065864076093,19.357851264995393,41.48253607204878,12778.763333333334,23628.110833333332,34551.12533333333,0,0,2,15/15,15000,0,0,0,23949.299166666668,23545.253,34542.933333333334
synctsa,10240,16,15,302.439454,407.12267080000004,526.6692634999999,186.047346,217.60526090000005,4.7312805292923175,51.804517376228276,49.84673750991821,5.412835706818781,47.35381337128516,15427.558666666666,26191.199,65063.594666666664,0,4802,4802,15/15,15000,0,0,0,27719.143666666667,29014.62416666667,64574.80533333333
direct,10240,32,15,2.7572915,2.9707744,4.06097061,,,2.937284650534767,6.3505617741178435,11637.861280992252,0.1478488550447184,0.37343407447376087,0,0,0,0,0,0,—,15000,0,0,0,0,13.105454545454545,0
full,10240,32,15,302.36746949999997,403.9293508,504.56780696,,,25.121351885375358,64.23684691385098,103.33799520009516,18.30693962671789,86.93768045832581,16310.775833333333,26638.038333333334,34911.573333333334,0,0,2,15/15,15000,0,0,0,27609.515833333335,27195.625,34686.293333333335
full+ss3,10240,32,15,284.3556775,362.2397144000001,443.59358834,-18.011791999999957,-41.68963639999993,18.39091246912065,61.60036192700953,117.20375745480682,29.075841961509475,64.78782766968901,15830.796666666667,26180.505833333333,34645.333333333336,0,0,3,15/15,15000,0,0,0,27128.56333333333,13379.608333333334,17291.946666666667
nobody,10240,32,15,317.7085085,431.18636840000005,530.4939330499999,15.341039000000023,27.25701760000004,18.462950764820327,37.04508987048422,96.7698201650335,17.059725857795925,38.680480328296326,16392.881,26649.2675,21046.613333333335,0,0,2,15/15,15000,0,0,0,27713.782,27269.530666666666,20875.946666666667
reuse,10240,32,15,309.65543249999996,439.6044325,543.8303243599997,7.287962999999991,35.675081699999964,17.256288164749076,40.59252327181439,96.67955710418477,14.116607043584162,40.95224665065887,12914.233333333334,23741.996666666666,34597.54666666667,0,0,2,15/15,14998,2,0,0,24178.045,23718.029166666667,34488.32
synctsa,10240,32,15,644.917898,794.8188633999999,932.0544953999998,342.55042850000007,390.88951259999993,6.662130037519895,17.353523812421795,48.88676328015898,7.029262122131557,20.787334406944048,15947.261666666667,26270.830833333333,71611.73333333334,0,4802,4802,15/15,15000,0,0,0,28335.47,29550.118333333332,71755.09333333334
direct,1048576,1,15,10.062451500000002,10.680842499999999,11.11657116,,,1.2929826295312032,4.0182603613046,98.5415797905623,1.4019784937967315,3.8375110944183053,0,0,0,0,0,0,—,3000,0,0,0,0.44,50.25333333333333,0
full,1048576,1,15,74.072231,86.5888241,206.20945671999993,,,4.359756964792926,15.018478382269867,12.541137828295827,9.805460594582923,18.746368278155497,20126.4,1074902.05,1418990.9333333333,0,0,2,15/15,3000,0,0,0,1080356.8533333333,1072802.6333333333,1419093.3333333333
nobody,1048576,1,15,39.4916555,43.1995782,54.69062017999999,-34.5805755,-43.3892459,4.025524455413112,533.9711587932798,24.836337458602056,3.9547173578057713,88.45520400767904,20156.4,1074948.0791666666,19524.266666666666,0,0,2,15/15,3000,0,0,0,1080391.6041666667,1072516.4958333333,19524.266666666666
reuse,1048576,1,15,69.59732349999999,83.81589460000001,197.89757483,-4.474907500000015,-2.7729294999999894,6.170916543938647,72.31530103309218,12.779890446104208,11.046806504110862,97.3917759375816,16674.216666666667,1074404.225,1419059.2,0,0,2,15/15,3000,0,0,0,1076789.1791666667,1069233.4616666667,1419059.2
synctsa,1048576,1,15,165.7966045,181.3801818,316.4692164599985,91.7243735,94.7913577,3.428274823324265,17.188923793671552,5.751362042727999,6.102709344413377,13.89146108303352,19238.716666666667,1073796.2333333334,1457356.8,0,961,961,15/15,3000,0,0,0,1080095.8916666666,1074983.2625,1457220.2666666666
