config,size,vus,reps,p50,p90,p99,d_p50,d_p90,rps,spread_p50,wire_tx_ss1,log_ss1,ocsp,tsa,errors
direct,1024,1,3,0.321952,0.4983092000000001,0.9110223499999999,,,2932.9904941191467,35.340827204055266,0,0,0,0,0
full,1024,1,3,46.059197499999996,57.9412808,75.78281415999999,,,21.156832021455227,45.600911739723635,16891.498333333333,22323.2,0,2,0
nobody,1024,1,3,46.354172500000004,67.7948546,116.15281502999999,0.294975000000008,9.853573799999992,19.307095873752424,63.31482888622375,16854.9175,20138.666666666668,0,2,0
notsa,1024,1,3,51.292794,69.31199370000002,110.18715435999991,5.233596500000004,11.370712900000015,18.302862227378355,90.49678791137796,16936.505,20036.266666666666,0,0,0
synctsa,1024,1,3,162.317864,186.5781859,214.76177255,116.25866649999999,128.63690509999998,6.128292869457661,75.86666246421282,18006.7525,40768.85333333333,0,4801,0
direct,1024,2,3,0.2854985,0.47016060000000004,0.8168537899999999,,,6634.261527777419,35.633111907768324,0,0,0,0,0
direct,1024,4,3,0.2316145,0.38692990000000005,0.7850177999999999,,,15382.771345318122,5.055382974727389,0,0,0,0,0
direct,1024,8,3,0.3766045,0.7645206,1.2673320599999982,,,18479.39925579673,15.274512120805772,0,0,0,0,0
direct,1024,16,3,0.6246659999999999,1.7589328000000006,3.08858703,,,18736.33046365862,51.366090038516596,0,0,0,0,0
direct,1024,32,3,0.6539664999999999,1.9198212000000001,3.52969958,,,34077.23965243152,28.95232401048064,0,0,0,0,0
direct,10240,1,3,0.33507200000000004,0.6156757,0.81981783,,,2634.744613822544,16.450046557157876,0,0,0,0,0
full,10240,1,3,47.0621805,58.364049200000004,91.71666023,,,20.859898495333827,10.529330446131805,26300.7925,35478.18666666667,0,2,0
nobody,10240,1,3,31.631572,44.9887445,85.51985353999999,-15.430608499999998,-13.375304700000001,28.98403643338545,133.08372723303162,26243.605833333335,23831.893333333333,0,2,0
notsa,10240,1,3,39.069051,67.8765533,112.63458904999997,-7.993129499999995,9.512504099999994,20.838654323083453,34.12034118770888,26305.984166666665,33839.78666666667,0,0,0
synctsa,10240,1,3,165.660893,194.4307451,296.1763176799999,118.59871249999999,136.06669589999998,5.958169651933814,78.00789169958175,27175.270833333332,55186.77333333333,0,4802,0
direct,10240,2,3,0.2902045,0.5302196,1.2245106899999993,,,5794.343862248114,24.08387878203128,0,0,0,0,0
full,10240,2,3,68.566441,91.230399,132.05405006999993,,,27.576163813258507,32.580727793644705,26375.1846,35880.96,0,2,0
nobody,10240,2,3,49.3927345,69.86530040000001,123.91430665999995,-19.173706499999994,-21.365098599999996,37.33152836369286,58.51244579301432,26365.269166666665,19838.293333333335,0,2,0
notsa,10240,2,3,62.10965,88.015023,123.00361724999998,-6.4567909999999955,-3.2153760000000062,30.163719116020122,86.55863541333756,26435.215,33641.81333333333,0,0,0
synctsa,10240,2,3,210.31900050000002,241.81591830000002,291.17100038999996,141.75255950000002,150.58551930000002,9.49786450403903,55.10299579423875,27194.7225,53835.09333333333,0,4805,0
direct,10240,4,3,0.312458,0.5425896,1.05049148,,,11426.081881205218,27.597789142860808,0,0,0,0,0
full,10240,4,3,97.620199,168.32884520000002,273.9488763899997,,,36.79500333180079,60.343961704073145,26541.391666666666,37512.53333333333,0,2,0
nobody,10240,4,3,76.219848,118.3150928,199.64783835999998,-21.400351,-50.013752400000016,47.485797997157555,102.99291465393634,26503.080833333333,21183.146666666667,0,2,0
notsa,10240,4,3,90.50371799999999,134.5075861,211.4281073099999,-7.116481000000007,-33.82125910000002,42.2032072105963,12.803455212746071,26500.92,33641.81333333333,0,0,0
synctsa,10240,4,3,346.77224,386.17520629999996,549.6920393199997,249.152041,217.84636109999994,11.521475620094636,49.19500375808627,27289.055,59651.41333333333,0,4803,0
direct,10240,8,3,0.4040675,0.8183193000000001,1.3477187899999998,,,17171.62358636861,81.32007647237157,0,0,0,0,0
full,10240,8,3,196.518243,300.1851512,434.9903963,,,38.872352443982976,49.236557900632135,27083.088333333333,34324.48,0,1,0
nobody,10240,8,3,153.680013,246.59991760000003,514.8863320299995,-42.83823000000001,-53.58523359999998,49.38694799805544,107.6886442611116,27005.725,23606.613333333335,0,2,0
notsa,10240,8,3,172.426301,222.89772680000002,306.18980818999995,-24.091942000000017,-77.28742439999999,44.997583369434025,137.1005688395531,26893.601666666666,34017.28,0,0,0
synctsa,10240,8,3,618.557187,703.4924155000001,1676.0909141299999,422.038944,403.3072643000001,11.669417368843881,53.85509707124299,27270.49916666667,57603.41333333333,0,4804,0
direct,10240,16,3,0.7067559999999999,1.4925256,2.454725049999999,,,20246.47138106478,22.91441459287221,0,0,0,0,0
full,10240,16,3,339.093409,472.6454999,670.24466477,,,45.35751848488956,22.09815201686803,27448.315833333334,34645.333333333336,0,0,0
nobody,10240,16,3,351.704812,467.29389040000007,597.05739294,12.611402999999996,-5.351609499999938,44.57047876706999,50.46986505262829,27514.1325,24969.216,0,1,0
notsa,10240,16,3,268.8505735,422.2548454,596.84840227,-70.24283550000001,-50.39065449999998,55.786289521926605,17.455081419047076,27372.005,34624.85333333333,0,0,0
synctsa,10240,16,3,609.4060815,2635.0826663,5726.6241825199995,270.3126725,2162.4371664,13.77437948051283,61.75411132650473,27216.5925,57753.6,0,4803,0
direct,10240,32,3,1.1322835,2.7422622000000003,4.57133099,,,24316.398059615607,58.66657952712373,0,0,0,0,0
full,10240,32,3,617.399527,890.3759155,1167.6703047099995,,,46.61843743111765,20.951373598962928,27496.780833333334,34645.333333333336,0,0,0
nobody,10240,32,3,523.3311675,744.8361572,1207.52115753,-94.06835950000004,-145.53975830000002,58.395533052130254,51.63023736781355,27682.578333333335,20828.16,0,0,0
notsa,10240,32,3,577.764625,970.919025,1218.3573155799997,-39.63490200000001,80.54310950000001,52.768855426262334,39.824785915198596,27526.479166666668,34665.81333333333,0,0,0
synctsa,10240,32,3,1594.6376915,4788.467323600001,21547.796117669994,977.2381645,3898.091408100001,12.09962561466162,73.460602037952,27260.5024,52895.744,0,7620,19
direct,102400,1,3,0.493697,0.8182883000000001,1.4391382999999993,,,1837.7542112794706,118.711476877518,0,0,0,0,0
full,102400,1,3,46.0677325,63.202035,95.04511914999996,,,20.803757569100057,28.055016599742576,119847.55416666667,161293.65333333332,0,2,0
nobody,102400,1,3,43.215001,63.7326742,113.14306296999997,-2.8527314999999973,0.530639199999996,20.915691696930075,78.5263316319257,119775.88333333333,21661.013333333332,0,2,0
notsa,102400,1,3,49.496167,63.695081,110.89901318999999,3.4284345000000016,0.49304599999999965,18.216025336430043,19.314779465650332,119873.95583333333,157743.78666666665,0,0,0
synctsa,102400,1,3,168.141022,199.2118707,237.65863623,122.07328949999999,136.0098357,5.857548041439882,60.140099243598044,120711.44833333333,178414.93333333332,8,4802,0
direct,102400,2,3,0.5623135,1.0682565,3.25634021,,,2864.5603333009867,69.88023584708529,0,0,0,0,0
direct,102400,4,3,0.6232285,1.7051568000000006,6.531361039999999,,,4221.291925465106,116.28519876738628,0,0,0,0,0
direct,102400,8,3,0.8696254999999999,2.3900167,6.167431759999999,,,6609.533621203368,41.43231770457511,0,0,0,0,0
direct,102400,16,3,1.2333725,2.7844564000000003,4.75334801,,,11041.96896227713,65.95448658049371,0,0,0,0,0
direct,102400,32,3,2.585198,4.6142498000000005,7.758166739999997,,,11826.94607745464,49.68683249793632,0,0,0,0,0
direct,1048576,1,3,1.5784695,2.8808697999999997,5.017681359999994,,,554.5038681164009,22.963541582526616,0,0,0,0,0
full,1048576,1,3,85.83576,143.33429309999997,249.88169341999998,,,9.766952754752841,90.41691423248307,1081137.8666666667,1431517.8666666667,0,2,0
nobody,1048576,1,3,72.94626550000001,93.76421559999999,117.76651622999981,-12.889494499999984,-49.57007749999998,13.193506028566825,68.22477224690822,1080816.2333333334,19933.866666666665,0,2,0
notsa,1048576,1,3,92.39472900000001,138.6531154,182.78485429999998,6.558969000000019,-4.681177699999978,10.580313137589524,32.75629121656928,1080868.0625,1430254.9333333333,0,0,0
synctsa,1048576,1,3,221.5465525,250.1657978,273.64033525,135.7107925,106.83150470000004,4.501986248938442,76.55320838269418,1082839.1875,1465787.7333333334,0,960,0
direct,1048576,2,3,2.1008269999999998,3.7534425000000002,8.44399918,,,844.504589592146,7.281941825766703,0,0,0,0,0
direct,1048576,4,3,4.1584925,9.4371877,14.464080559999994,,,812.8207674600651,37.430030233311726,0,0,0,0,0
direct,1048576,8,3,6.626845,11.602084799999998,18.588733539999996,,,1176.9434572890452,55.678516699877555,0,0,0,0,0
direct,1048576,16,3,10.443816,23.74954769999999,32.36077426999999,,,1386.3593979439365,24.436824624256115,0,0,0,0,0
direct,1048576,32,3,26.92756,37.3352102,45.04144763999998,,,1232.7055440136558,36.23067221835176,0,0,0,0,0
