ts,name,cpu,mem
15:16:51,cs,0.71%,1.289GiB / 2GiB
15:16:51,ss1,88.76%,2.07GiB / 4GiB
15:16:51,ss2,106.74%,2.051GiB / 4GiB
15:16:51,is-provider,3.45%,6.148MiB / 256MiB
15:16:53,cs,0.68%,1.289GiB / 2GiB
15:16:53,ss1,100.44%,2.07GiB / 4GiB
15:16:53,ss2,101.99%,2.052GiB / 4GiB
15:16:53,is-provider,0.55%,6.562MiB / 256MiB
15:16:55,cs,24.47%,1.29GiB / 2GiB
15:16:55,ss1,92.88%,2.075GiB / 4GiB
15:16:55,ss2,78.34%,2.054GiB / 4GiB
15:16:55,is-provider,0.42%,6.195MiB / 256MiB
15:16:57,cs,0.58%,1.289GiB / 2GiB
15:16:57,ss1,96.23%,2.077GiB / 4GiB
15:16:57,ss2,111.34%,2.051GiB / 4GiB
15:16:57,is-provider,0.42%,6.395MiB / 256MiB
15:16:59,cs,4.50%,1.289GiB / 2GiB
15:16:59,ss1,87.56%,2.071GiB / 4GiB
15:16:59,ss2,74.07%,2.053GiB / 4GiB
15:16:59,is-provider,0.39%,5.949MiB / 256MiB
15:17:02,cs,0.53%,1.289GiB / 2GiB
15:17:02,ss1,100.42%,2.071GiB / 4GiB
15:17:02,ss2,95.39%,2.053GiB / 4GiB
15:17:02,is-provider,2.56%,6.402MiB / 256MiB
15:17:04,cs,0.62%,1.289GiB / 2GiB
15:17:04,ss1,84.56%,2.072GiB / 4GiB
15:17:04,ss2,103.81%,2.055GiB / 4GiB
15:17:04,is-provider,0.34%,6.34MiB / 256MiB
15:17:06,cs,0.51%,1.29GiB / 2GiB
15:17:06,ss1,100.83%,2.073GiB / 4GiB
15:17:06,ss2,89.87%,2.056GiB / 4GiB
15:17:06,is-provider,0.37%,5.969MiB / 256MiB
15:17:08,cs,1.60%,1.29GiB / 2GiB
15:17:08,ss1,82.19%,2.075GiB / 4GiB
15:17:08,ss2,71.74%,2.058GiB / 4GiB
15:17:08,is-provider,0.36%,5.562MiB / 256MiB
15:17:10,cs,0.55%,1.289GiB / 2GiB
15:17:10,ss1,87.47%,2.075GiB / 4GiB
15:17:10,ss2,84.60%,2.055GiB / 4GiB
15:17:10,is-provider,0.32%,5.953MiB / 256MiB
15:17:12,cs,0.53%,1.289GiB / 2GiB
15:17:12,ss1,79.43%,2.076GiB / 4GiB
15:17:12,ss2,69.71%,2.056GiB / 4GiB
15:17:12,is-provider,1.89%,6.637MiB / 256MiB
15:17:14,cs,0.50%,1.289GiB / 2GiB
15:17:14,ss1,89.31%,2.09GiB / 4GiB
15:17:14,ss2,1.49%,2.054GiB / 4GiB
15:17:14,is-provider,0.00%,4.488MiB / 256MiB
15:17:16,cs,0.50%,1.29GiB / 2GiB
15:17:16,ss1,110.07%,2.051GiB / 4GiB
15:17:16,ss2,1.76%,2.055GiB / 4GiB
15:17:16,is-provider,2.09%,5.996MiB / 256MiB
15:17:18,cs,0.73%,1.289GiB / 2GiB
15:17:18,ss1,194.95%,1.783GiB / 4GiB
15:17:18,ss2,39.35%,2.069GiB / 4GiB
15:17:18,is-provider,0.00%,5.34MiB / 256MiB
15:17:20,cs,0.57%,1.29GiB / 2GiB
15:17:20,ss1,195.29%,1.86GiB / 4GiB
15:17:20,ss2,99.04%,2.068GiB / 4GiB
15:17:20,is-provider,0.00%,4.723MiB / 256MiB
15:17:22,cs,0.68%,1.289GiB / 2GiB
15:17:22,ss1,188.90%,1.93GiB / 4GiB
15:17:22,ss2,178.60%,1.686GiB / 4GiB
15:17:22,is-provider,0.00%,5.398MiB / 256MiB
15:17:24,cs,8.75%,1.29GiB / 2GiB
15:17:24,ss1,187.62%,1.972GiB / 4GiB
15:17:24,ss2,194.84%,1.749GiB / 4GiB
15:17:24,is-provider,0.00%,4.727MiB / 256MiB
15:17:26,cs,0.72%,1.29GiB / 2GiB
15:17:26,ss1,160.15%,2.068GiB / 4GiB
15:17:26,ss2,190.79%,1.824GiB / 4GiB
15:17:26,is-provider,3.13%,5.477MiB / 256MiB
15:17:28,cs,0.63%,1.289GiB / 2GiB
15:17:28,ss1,1.98%,2.068GiB / 4GiB
15:17:28,ss2,180.75%,1.903GiB / 4GiB
15:17:28,is-provider,0.00%,5.156MiB / 256MiB
15:17:30,cs,0.67%,1.289GiB / 2GiB
15:17:30,ss1,5.95%,2.069GiB / 4GiB
15:17:30,ss2,184.74%,2.042GiB / 4GiB
15:17:30,is-provider,0.00%,4.695MiB / 256MiB
15:17:33,cs,0.85%,1.29GiB / 2GiB
15:17:33,ss1,127.21%,2.099GiB / 4GiB
15:17:33,ss2,162.27%,1.998GiB / 4GiB
15:17:33,is-provider,0.00%,5.414MiB / 256MiB
15:17:35,cs,69.88%,1.29GiB / 2GiB
15:17:35,ss1,68.18%,2.104GiB / 4GiB
15:17:35,ss2,80.00%,2.007GiB / 4GiB
15:17:35,is-provider,0.23%,6.215MiB / 256MiB
15:17:37,cs,0.78%,1.286GiB / 2GiB
15:17:37,ss1,129.25%,2.111GiB / 4GiB
15:17:37,ss2,119.31%,2.015GiB / 4GiB
15:17:37,is-provider,3.70%,6.582MiB / 256MiB
15:17:39,cs,0.77%,1.286GiB / 2GiB
15:17:39,ss1,129.62%,2.115GiB / 4GiB
15:17:39,ss2,117.36%,2.02GiB / 4GiB
15:17:39,is-provider,0.51%,6.641MiB / 256MiB
15:17:41,cs,0.52%,1.286GiB / 2GiB
15:17:41,ss1,123.68%,2.12GiB / 4GiB
15:17:41,ss2,103.36%,2.023GiB / 4GiB
15:17:41,is-provider,0.21%,5.746MiB / 256MiB
15:17:43,cs,0.59%,1.286GiB / 2GiB
15:17:43,ss1,132.99%,2.123GiB / 4GiB
15:17:43,ss2,135.60%,2.036GiB / 4GiB
15:17:43,is-provider,0.40%,6.871MiB / 256MiB
15:17:45,cs,36.88%,1.287GiB / 2GiB
15:17:45,ss1,116.16%,2.126GiB / 4GiB
15:17:45,ss2,120.69%,2.029GiB / 4GiB
15:17:45,is-provider,0.75%,6.047MiB / 256MiB
15:17:47,cs,0.60%,1.286GiB / 2GiB
15:17:47,ss1,115.82%,2.13GiB / 4GiB
15:17:47,ss2,101.11%,2.045GiB / 4GiB
15:17:47,is-provider,2.74%,6.297MiB / 256MiB
15:17:49,cs,3.94%,1.287GiB / 2GiB
15:17:49,ss1,158.15%,2.114GiB / 4GiB
15:17:49,ss2,118.34%,2.048GiB / 4GiB
15:17:49,is-provider,0.52%,5.527MiB / 256MiB
15:17:51,cs,0.65%,1.286GiB / 2GiB
15:17:51,ss1,115.16%,2.115GiB / 4GiB
15:17:51,ss2,116.36%,2.05GiB / 4GiB
15:17:51,is-provider,0.49%,6.566MiB / 256MiB
15:17:53,cs,0.66%,1.286GiB / 2GiB
15:17:53,ss1,108.60%,2.116GiB / 4GiB
15:17:53,ss2,118.39%,2.052GiB / 4GiB
15:17:53,is-provider,0.43%,6.711MiB / 256MiB
15:17:55,cs,32.64%,1.287GiB / 2GiB
15:17:55,ss1,111.61%,2.125GiB / 4GiB
15:17:55,ss2,102.59%,2.054GiB / 4GiB
15:17:55,is-provider,0.34%,5.695MiB / 256MiB
15:17:57,cs,0.55%,1.286GiB / 2GiB
15:17:57,ss1,101.09%,2.121GiB / 4GiB
15:17:57,ss2,80.49%,2.055GiB / 4GiB
15:17:57,is-provider,3.38%,6.434MiB / 256MiB
15:17:59,cs,3.08%,1.287GiB / 2GiB
15:17:59,ss1,103.16%,2.116GiB / 4GiB
15:17:59,ss2,93.28%,2.059GiB / 4GiB
15:17:59,is-provider,0.29%,5.449MiB / 256MiB
15:18:02,cs,0.50%,1.286GiB / 2GiB
15:18:02,ss1,84.90%,2.116GiB / 4GiB
15:18:02,ss2,120.20%,2.06GiB / 4GiB
15:18:02,is-provider,0.26%,6.23MiB / 256MiB
15:18:04,cs,0.50%,1.286GiB / 2GiB
15:18:04,ss1,83.22%,2.131GiB / 4GiB
15:18:04,ss2,5.14%,2.059GiB / 4GiB
15:18:04,is-provider,0.00%,4.699MiB / 256MiB
15:18:06,cs,0.40%,1.288GiB / 2GiB
15:18:06,ss1,115.25%,2.093GiB / 4GiB
15:18:06,ss2,1.87%,2.059GiB / 4GiB
15:18:06,is-provider,0.00%,4.699MiB / 256MiB
15:18:08,cs,0.61%,1.287GiB / 2GiB
15:18:08,ss1,191.77%,1.791GiB / 4GiB
15:18:08,ss2,27.58%,2.074GiB / 4GiB
15:18:08,is-provider,2.17%,5.664MiB / 256MiB
15:18:10,cs,3.61%,1.287GiB / 2GiB
15:18:10,ss1,198.21%,1.859GiB / 4GiB
15:18:10,ss2,101.15%,2.073GiB / 4GiB
15:18:10,is-provider,0.00%,4.941MiB / 256MiB
15:18:12,cs,0.61%,1.286GiB / 2GiB
15:18:12,ss1,189.17%,1.932GiB / 4GiB
15:18:12,ss2,186.10%,1.699GiB / 4GiB
15:18:12,is-provider,2.98%,5.98MiB / 256MiB
15:18:14,cs,0.65%,1.286GiB / 2GiB
15:18:14,ss1,196.35%,1.978GiB / 4GiB
15:18:14,ss2,189.55%,1.79GiB / 4GiB
15:18:14,is-provider,0.00%,5.66MiB / 256MiB
15:18:16,cs,31.07%,1.312GiB / 2GiB
15:18:16,ss1,172.26%,2.071GiB / 4GiB
15:18:16,ss2,188.33%,1.823GiB / 4GiB
15:18:16,is-provider,0.00%,4.734MiB / 256MiB
15:18:18,cs,0.81%,1.291GiB / 2GiB
15:18:18,ss1,1.64%,2.07GiB / 4GiB
15:18:18,ss2,187.22%,1.912GiB / 4GiB
15:18:18,is-provider,0.00%,5.242MiB / 256MiB
15:18:20,cs,2.91%,1.291GiB / 2GiB
15:18:20,ss1,2.17%,2.07GiB / 4GiB
15:18:20,ss2,157.37%,2.027GiB / 4GiB
15:18:20,is-provider,0.00%,4.496MiB / 256MiB
15:18:22,cs,0.71%,1.291GiB / 2GiB
15:18:22,ss1,103.48%,2.047GiB / 4GiB
15:18:22,ss2,103.70%,2.063GiB / 4GiB
15:18:22,is-provider,3.52%,5.504MiB / 256MiB
15:18:24,cs,0.64%,1.291GiB / 2GiB
15:18:24,ss1,57.44%,2.056GiB / 4GiB
15:18:24,ss2,107.81%,2.073GiB / 4GiB
15:18:24,is-provider,0.06%,5.359MiB / 256MiB
15:18:26,cs,1.41%,1.292GiB / 2GiB
15:18:26,ss1,143.10%,2.061GiB / 4GiB
15:18:26,ss2,121.10%,2.077GiB / 4GiB
15:18:26,is-provider,0.35%,5.375MiB / 256MiB
15:18:28,cs,1.54%,1.291GiB / 2GiB
15:18:28,ss1,132.20%,2.066GiB / 4GiB
15:18:28,ss2,169.42%,2.096GiB / 4GiB
15:18:28,is-provider,0.45%,6.375MiB / 256MiB
15:18:30,cs,0.64%,1.291GiB / 2GiB
15:18:30,ss1,123.38%,2.072GiB / 4GiB
15:18:30,ss2,139.84%,2.103GiB / 4GiB
15:18:30,is-provider,0.55%,6.012MiB / 256MiB
15:18:32,cs,1.30%,1.291GiB / 2GiB
15:18:32,ss1,114.82%,2.075GiB / 4GiB
15:18:32,ss2,104.23%,2.106GiB / 4GiB
15:18:32,is-provider,2.86%,6.223MiB / 256MiB
15:18:35,cs,32.54%,1.292GiB / 2GiB
15:18:35,ss1,137.01%,2.079GiB / 4GiB
15:18:35,ss2,100.60%,2.098GiB / 4GiB
15:18:35,is-provider,0.33%,6.461MiB / 256MiB
15:18:37,cs,0.51%,1.291GiB / 2GiB
15:18:37,ss1,121.99%,2.081GiB / 4GiB
15:18:37,ss2,109.30%,2.101GiB / 4GiB
15:18:37,is-provider,0.38%,5.934MiB / 256MiB
15:18:39,cs,0.59%,1.291GiB / 2GiB
15:18:39,ss1,125.31%,2.082GiB / 4GiB
15:18:39,ss2,111.03%,2.116GiB / 4GiB
15:18:39,is-provider,0.39%,6.027MiB / 256MiB
15:18:41,cs,0.64%,1.291GiB / 2GiB
15:18:41,ss1,116.28%,2.087GiB / 4GiB
15:18:41,ss2,120.17%,2.106GiB / 4GiB
15:18:41,is-provider,0.33%,5.723MiB / 256MiB
15:18:43,cs,0.59%,1.291GiB / 2GiB
15:18:43,ss1,102.57%,2.088GiB / 4GiB
15:18:43,ss2,124.06%,2.119GiB / 4GiB
15:18:43,is-provider,4.50%,6.395MiB / 256MiB
15:18:45,cs,39.15%,1.292GiB / 2GiB
15:18:45,ss1,118.40%,2.089GiB / 4GiB
15:18:45,ss2,105.02%,2.109GiB / 4GiB
15:18:45,is-provider,0.34%,6.18MiB / 256MiB
15:18:47,cs,0.60%,1.291GiB / 2GiB
15:18:47,ss1,107.28%,2.091GiB / 4GiB
15:18:47,ss2,106.47%,2.106GiB / 4GiB
15:18:47,is-provider,0.35%,6.215MiB / 256MiB
15:18:49,cs,0.67%,1.291GiB / 2GiB
15:18:49,ss1,106.19%,2.093GiB / 4GiB
15:18:49,ss2,92.14%,2.107GiB / 4GiB
15:18:49,is-provider,0.39%,6.371MiB / 256MiB
15:18:51,cs,0.80%,1.291GiB / 2GiB
15:18:51,ss1,97.04%,2.095GiB / 4GiB
15:18:51,ss2,131.35%,2.089GiB / 4GiB
15:18:51,is-provider,0.46%,5.707MiB / 256MiB
15:18:53,cs,0.81%,1.291GiB / 2GiB
15:18:53,ss1,112.49%,2.096GiB / 4GiB
15:18:53,ss2,107.86%,2.09GiB / 4GiB
15:18:53,is-provider,4.10%,5.793MiB / 256MiB
15:18:55,cs,68.26%,1.291GiB / 2GiB
15:18:55,ss1,59.26%,2.096GiB / 4GiB
15:18:55,ss2,89.43%,2.089GiB / 4GiB
15:18:55,is-provider,0.37%,4.492MiB / 256MiB
